01/11/06	"DELETE"
"  02 décembre 2009"	"DELETE"
"  02 février 2005"	"DELETE"
02/11/11	"DELETE"
"  03 mars 1987"	"DELETE"
"  04 avril 2001"	"DELETE"
"  04 décembre 1962"	"DELETE"
04/11/55	"DELETE"
04/11/09	"DELETE"
"  05 décembre 1948"	"DELETE"
"  05 décembre 1985"	"DELETE"
"  05 décembre 2001"	"DELETE"
"  05 février 1955"	"DELETE"
"  05 mai 1999"	"DELETE"
05/11/08	"DELETE"
"  05 septembre 1985"	"DELETE"
"  06 décembre 2000"	"DELETE"
"  06 décembre 2006"	"DELETE"
"  06 février 2008"	"DELETE"
"  06 juin 2001"	"DELETE"
"  07 janvier 2009"	"DELETE"
"  07 mars 1985"	"DELETE"
"  07 mars 2007"	"DELETE"
07/11/07	"DELETE"
"  08 décembre 2010"	"DELETE"
"  08 mai 1984"	"DELETE"
08/11/00	"DELETE"
"  09 février 2005"	"DELETE"
"  09 mars 2005"	"DELETE"
"  10 janvier 1985"	"DELETE"
"  10 janvier 2001"	"DELETE"
"  10 mai 1960"	"DELETE"
10/11/04	"DELETE"
"  11 janvier 2006"	"DELETE"
"  12 janvier 2005"	"DELETE"
"  12 mars 1963"	"DELETE"
"  12 mars 2008"	"DELETE"
"  12 octobre 1957"	"DELETE"
"  13 décembre 2000"	"DELETE"
"  13 février 2008"	"DELETE"
"  13 mars 2002"	"DELETE"
"  14 décembre 2005"	"DELETE"
"  14 février 2001"	"DELETE"
"  14 juin 2000"	"DELETE"
"  14 mars 2007"	"DELETE"
"  15 mars 2006"	"DELETE"
"  17 avril 2002"	"DELETE"
"  17 février 2010"	"DELETE"
"  17 janvier 2007"	"DELETE"
"  17 mai 2000"	"DELETE"
"  17 octobre 1989"	"DELETE"
"  18 janvier 2006"	"DELETE"
"  19 mai 1999"	"DELETE"
"  20 décembre 1950"	"DELETE"
"  20 février 2008"	"DELETE"
"  20 septembre 2000"	"DELETE"
"  21 février 1947"	"DELETE"
"  21 janvier 1964"	"DELETE"
"  21 juin 2000"	"DELETE"
"  21 mars 2007"	"DELETE"
"  22 avril 1952"	"DELETE"
"  22 février 1996"	"DELETE"
"  22 février 2006"	"DELETE"
22/11/00	"DELETE"
"  23 janvier 2002"	"DELETE"
"  23 mai 2001"	"DELETE"
"  23 octobre 1953"	"DELETE"
"  24 avril 1963"	"DELETE"
"  24 janvier 2007"	"DELETE"
"  24 octobre 2001"	"DELETE"
"  25 avril 2001"	"DELETE"
"  25 janvier 2012"	"DELETE"
"  26 février 1963"	"DELETE"
"  26 janvier 2000"	"DELETE"
"  26 janvier 2011"	"DELETE"
"  26 mai 1999"	"DELETE"
26/11/92	"DELETE"
"  28 février 2001"	"DELETE"
"  28 juin 1957"	"DELETE"
"  28 mars 2007"	"DELETE"
28/11/97	"DELETE"
28/11/01	"DELETE"
"  28 septembre 1995"	"DELETE"
"  29 janvier 1964"	"DELETE"
"  29 mars 1958"	"DELETE"
"  29 mars 2000"	"DELETE"
"  29 septembre 1999"	"DELETE"
"  30 janvier 1992"	"DELETE"
30/11/05	"DELETE"
"  31 mai 1960"	"DELETE"
"  31 octobre 2001"	"DELETE"
-1838	"DELETE"
-1856	"DELETE"
-1862	"DELETE"
-1865	"DELETE"
-1869	"DELETE"
-1870	"DELETE"
-1875	"DELETE"
-1882	"DELETE"
-1883	"DELETE"
-1884	"DELETE"
-1885	"DELETE"
-1886	"DELETE"
-1890	"DELETE"
-1891	"DELETE"
-1892	"DELETE"
-1893	"DELETE"
-1894	"DELETE"
-1896	"DELETE"
-1897	"DELETE"
-1898	"DELETE"
-1899	"DELETE"
-1900	"DELETE"
-1905	"DELETE"
-1906	"DELETE"
-1908	"DELETE"
-1909	"DELETE"
-1910	"DELETE"
-1911	"DELETE"
-1913	"DELETE"
-1914	"DELETE"
-1916	"DELETE"
-1919	"DELETE"
-1920	"DELETE"
-1922	"DELETE"
-1923	"DELETE"
-1927	"DELETE"
-1928	"DELETE"
-1929	"DELETE"
-1930	"DELETE"
-1932	"DELETE"
-1933	"DELETE"
-1934	"DELETE"
-1937	"DELETE"
-1938	"DELETE"
" --/01/1916"	"DELETE"
" --/01/1922"	"DELETE"
" --/02/1898"	"DELETE"
" --/03/1922"	"DELETE"
" --/04/1890"	"DELETE"
" --/04/1922"	"DELETE"
" --/05/1896"	"DELETE"
" --/05/1917"	"DELETE"
" --/05/1918"	"DELETE"
" --/05/1939"	"DELETE"
" --/06/1892"	"DELETE"
" --/06/1918"	"DELETE"
" --/06/1923"	"DELETE"
" --/09/1886"	"DELETE"
" --/09/1890"	"DELETE"
" --/09/1893"	"DELETE"
" --/09/1894"	"DELETE"
" --/09/1895"	"DELETE"
" --/09/1896"	"DELETE"
" --/09/1897"	"DELETE"
" --/09/1898"	"DELETE"
" --/09/1900"	"DELETE"
" --/09/1902"	"DELETE"
" --/09/1923"	"DELETE"
" --/09/1931"	"DELETE"
" --/09/1937"	"DELETE"
" --/10/1886"	"DELETE"
" --/10/1890"	"DELETE"
" --/10/1891"	"DELETE"
" --/10/1892"	"DELETE"
" --/10/1905"	"DELETE"
" --/10/1920"	"DELETE"
" --/10/1923"	"DELETE"
" --/11/1913"	"DELETE"
" --/11/1916"	"DELETE"
" --/11/1919"	"DELETE"
" --/11/1931"	"DELETE"
" --/12/1902"	"DELETE"
" --/12/1903"	"DELETE"
01/02/68	"DELETE"
01/02/71	"DELETE"
01/02/83	"DELETE"
01/02/86	"DELETE"
01/02/94	"DELETE"
01/02/03	"DELETE"
01/02/05	"DELETE"
01/02/08	"DELETE"
01/02/09	"DELETE"
01/02/11	"DELETE"
01/02/12	"DELETE"
01/02/17	"DELETE"
01/02/22	"DELETE"
01/02/24	"DELETE"
01/02/27	"DELETE"
01/02/29	"DELETE"
01/02/34	"DELETE"
01/02/35	"DELETE"
01/02/39	"DELETE"
01/03/65	"DELETE"
01/03/68	"DELETE"
01/03/94	"DELETE"
01/03/99	"DELETE"
01/03/02	"DELETE"
01/03/05	"DELETE"
01/03/08	"DELETE"
01/03/12	"DELETE"
01/03/17	"DELETE"
01/03/18	"DELETE"
01/03/21	"DELETE"
01/03/22	"DELETE"
01/03/32	"DELETE"
01/03/37	"DELETE"
01/03/40	"DELETE"
01/04/65	"DELETE"
01/04/76	"DELETE"
01/04/80	"DELETE"
01/04/91	"DELETE"
01/04/96	"DELETE"
01/04/03	"DELETE"
01/04/04	"DELETE"
01/04/05	"DELETE"
01/04/19	"DELETE"
01/04/22	"DELETE"
01/04/27	"DELETE"
01/05/81	"DELETE"
01/05/87	"DELETE"
01/05/00	"DELETE"
01/05/01	"DELETE"
01/05/04	"DELETE"
01/05/12	"DELETE"
01/05/15	"DELETE"
01/05/18	"DELETE"
01/05/25	"DELETE"
01/05/30	"DELETE"
01/05/31	"DELETE"
01/06/66	"DELETE"
01/06/97	"DELETE"
01/06/98	"DELETE"
01/06/07	"DELETE"
01/06/11	"DELETE"
01/06/12	"DELETE"
01/06/14	"DELETE"
01/06/18	"DELETE"
01/07/81	"DELETE"
01/07/93	"DELETE"
01/07/15	"DELETE"
01/07/19	"DELETE"
01/08/72	"DELETE"
01/08/94	"DELETE"
01/08/00	"DELETE"
01/08/03	"DELETE"
01/08/04	"DELETE"
01/08/07	"DELETE"
01/09/58	"DELETE"
01/09/62	"DELETE"
01/09/68	"DELETE"
01/09/75	"DELETE"
01/09/94	"DELETE"
01/09/00	"DELETE"
01/09/01	"DELETE"
01/09/02	"DELETE"
01/09/06	"DELETE"
01/09/13	"DELETE"
01/09/20	"DELETE"
01/09/26	"DELETE"
01/09/36	"DELETE"
01/09/39	"DELETE"
01/10/93	"DELETE"
01/10/00	"DELETE"
01/10/03	"DELETE"
01/10/08	"DELETE"
01/10/09	"DELETE"
01/10/11	"DELETE"
01/10/15	"DELETE"
01/10/19	"DELETE"
01/10/20	"DELETE"
01/10/21	"DELETE"
01/10/22	"DELETE"
01/10/23	"DELETE"
01/10/24	"DELETE"
01/10/26	"DELETE"
01/10/27	"DELETE"
01/10/30	"DELETE"
01/10/38	"DELETE"
01/11/62	"DELETE"
01/11/63	"DELETE"
01/11/84	"DELETE"
01/11/91	"DELETE"
01/11/94	"DELETE"
01/11/97	"DELETE"
01/11/00	"DELETE"
01/11/03	"DELETE"
01/11/06	"DELETE"
01/11/14	"DELETE"
01/11/16	"DELETE"
01/11/18	"DELETE"
01/11/24	"DELETE"
01/11/30	"DELETE"
01/11/40	"DELETE"
01/12/60	"DELETE"
01/12/66	"DELETE"
01/12/75	"DELETE"
01/12/94	"DELETE"
01/12/97	"DELETE"
01/12/02	"DELETE"
01/12/04	"DELETE"
01/12/06	"DELETE"
01/12/07	"DELETE"
01/12/09	"DELETE"
01/12/11	"DELETE"
01/12/12	"DELETE"
01/12/13	"DELETE"
01/12/15	"DELETE"
01/12/16	"DELETE"
01/12/19	"DELETE"
01/12/20	"DELETE"
01/12/21	"DELETE"
01/12/23	"DELETE"
01/12/25	"DELETE"
01/12/27	"DELETE"
01/12/30	"DELETE"
01/12/36	"DELETE"
01/12/37	"DELETE"
02/01/33	"DELETE"
02/01/69	"DELETE"
02/02/65	"DELETE"
02/02/67	"DELETE"
02/02/73	"DELETE"
02/02/78	"DELETE"
02/02/98	"DELETE"
02/02/99	"DELETE"
02/02/01	"DELETE"
02/02/10	"DELETE"
02/02/13	"DELETE"
02/02/18	"DELETE"
02/02/19	"DELETE"
02/02/22	"DELETE"
02/02/23	"DELETE"
02/02/38	"DELETE"
02/02/39	"DELETE"
02/02/40	"DELETE"
02/03/60	"DELETE"
02/03/68	"DELETE"
02/03/72	"DELETE"
02/03/80	"DELETE"
02/03/81	"DELETE"
02/03/86	"DELETE"
02/03/92	"DELETE"
02/03/94	"DELETE"
02/03/02	"DELETE"
02/03/03	"DELETE"
02/03/10	"DELETE"
02/03/11	"DELETE"
02/03/13	"DELETE"
02/03/17	"DELETE"
02/03/18	"DELETE"
02/03/26	"DELETE"
02/03/28	"DELETE"
02/03/31	"DELETE"
02/03/37	"DELETE"
02/03/38	"DELETE"
02/03/40	"DELETE"
02/04/46	"DELETE"
02/04/70	"DELETE"
02/04/92	"DELETE"
02/04/03	"DELETE"
02/04/05	"DELETE"
02/04/06	"DELETE"
02/04/11	"DELETE"
02/04/15	"DELETE"
02/04/19	"DELETE"
02/04/20	"DELETE"
02/04/25	"DELETE"
02/04/27	"DELETE"
02/04/33	"DELETE"
02/04/36	"DELETE"
02/05/85	"DELETE"
02/05/89	"DELETE"
02/05/96	"DELETE"
02/05/99	"DELETE"
02/05/00	"DELETE"
02/05/01	"DELETE"
02/05/02	"DELETE"
02/05/12	"DELETE"
02/05/17	"DELETE"
02/05/18	"DELETE"
02/05/19	"DELETE"
02/05/21	"DELETE"
02/05/27	"DELETE"
02/05/33	"DELETE"
02/06/79	"DELETE"
02/06/92	"DELETE"
02/06/94	"DELETE"
02/06/98	"DELETE"
02/06/08	"DELETE"
02/06/19	"DELETE"
02/06/21	"DELETE"
02/06/22	"DELETE"
02/06/28	"DELETE"
02/06/32	"DELETE"
02/07/80	"DELETE"
02/07/85	"DELETE"
02/07/03	"DELETE"
02/08/26	"DELETE"
02/08/75	"DELETE"
02/08/93	"DELETE"
02/08/02	"DELETE"
02/08/05	"DELETE"
02/08/11	"DELETE"
02/08/13	"DELETE"
02/08/22	"DELETE"
02/08/24	"DELETE"
02/08/30	"DELETE"
02/08/38	"DELETE"
02/09/61	"DELETE"
02/09/73	"DELETE"
02/09/93	"DELETE"
02/09/96	"DELETE"
02/09/99	"DELETE"
02/09/01	"DELETE"
02/09/03	"DELETE"
02/09/05	"DELETE"
02/09/07	"DELETE"
02/09/08	"DELETE"
02/09/11	"DELETE"
02/09/12	"DELETE"
02/09/22	"DELETE"
02/09/25	"DELETE"
02/09/30	"DELETE"
02/09/38	"DELETE"
02/10/86	"DELETE"
02/10/95	"DELETE"
02/10/99	"DELETE"
02/10/08	"DELETE"
02/10/20	"DELETE"
02/10/22	"DELETE"
02/10/26	"DELETE"
02/10/28	"DELETE"
02/10/33	"DELETE"
02/10/34	"DELETE"
02/10/36	"DELETE"
02/10/37	"DELETE"
02/10/40	"DELETE"
02/11/67	"DELETE"
02/11/90	"DELETE"
02/11/92	"DELETE"
02/11/95	"DELETE"
02/11/02	"DELETE"
02/11/04	"DELETE"
02/11/07	"DELETE"
02/11/09	"DELETE"
02/11/10	"DELETE"
02/11/11	"DELETE"
02/11/12	"DELETE"
02/11/13	"DELETE"
02/11/15	"DELETE"
02/11/19	"DELETE"
02/11/21	"DELETE"
02/11/26	"DELETE"
02/11/27	"DELETE"
02/11/34	"DELETE"
02/12/66	"DELETE"
02/12/71	"DELETE"
02/12/76	"DELETE"
02/12/77	"DELETE"
02/12/91	"DELETE"
02/12/94	"DELETE"
02/12/96	"DELETE"
02/12/01	"DELETE"
02/12/06	"DELETE"
02/12/08	"DELETE"
02/12/09	"DELETE"
02/12/10	"DELETE"
02/12/12	"DELETE"
02/12/14	"DELETE"
02/12/16	"DELETE"
02/12/17	"DELETE"
02/12/18	"DELETE"
02/12/21	"DELETE"
02/12/26	"DELETE"
02/12/38	"DELETE"
03/01/61	"DELETE"
03/01/69	"DELETE"
03/02/72	"DELETE"
03/02/92	"DELETE"
03/02/95	"DELETE"
03/02/97	"DELETE"
03/02/99	"DELETE"
03/02/00	"DELETE"
03/02/01	"DELETE"
03/02/06	"DELETE"
03/02/09	"DELETE"
03/02/10	"DELETE"
03/02/15	"DELETE"
03/02/16	"DELETE"
03/02/17	"DELETE"
03/02/19	"DELETE"
03/02/21	"DELETE"
03/02/24	"DELETE"
03/02/27	"DELETE"
03/02/28	"DELETE"
03/02/31	"DELETE"
03/02/33	"DELETE"
03/02/38	"DELETE"
03/03/59	"DELETE"
03/03/62	"DELETE"
03/03/69	"DELETE"
03/03/88	"DELETE"
03/03/00	"DELETE"
03/03/07	"DELETE"
03/03/09	"DELETE"
03/03/10	"DELETE"
03/03/12	"DELETE"
03/03/15	"DELETE"
03/03/17	"DELETE"
03/03/20	"DELETE"
03/03/21	"DELETE"
03/03/23	"DELETE"
03/03/31	"DELETE"
03/03/32	"DELETE"
03/03/36	"DELETE"
03/04/65	"DELETE"
03/04/66	"DELETE"
03/04/69	"DELETE"
03/04/72	"DELETE"
03/04/79	"DELETE"
03/04/85	"DELETE"
03/04/95	"DELETE"
03/04/96	"DELETE"
03/04/97	"DELETE"
03/04/01	"DELETE"
03/04/10	"DELETE"
03/04/11	"DELETE"
03/04/13	"DELETE"
03/04/16	"DELETE"
03/04/19	"DELETE"
03/04/20	"DELETE"
03/04/24	"DELETE"
03/04/30	"DELETE"
03/04/31	"DELETE"
03/05/81	"DELETE"
03/05/87	"DELETE"
03/05/89	"DELETE"
03/05/91	"DELETE"
03/05/92	"DELETE"
03/05/99	"DELETE"
03/05/00	"DELETE"
03/05/02	"DELETE"
03/05/07	"DELETE"
03/05/11	"DELETE"
03/05/12	"DELETE"
03/05/15	"DELETE"
03/05/16	"DELETE"
03/05/17	"DELETE"
03/05/19	"DELETE"
03/05/20	"DELETE"
03/05/21	"DELETE"
03/05/22	"DELETE"
03/05/24	"DELETE"
03/05/26	"DELETE"
03/05/27	"DELETE"
03/05/39	"DELETE"
03/06/52	"DELETE"
03/06/77	"DELETE"
03/06/80	"DELETE"
03/06/81	"DELETE"
03/06/91	"DELETE"
03/06/98	"DELETE"
03/06/02	"DELETE"
03/06/15	"DELETE"
03/06/16	"DELETE"
03/06/19	"DELETE"
03/06/22	"DELETE"
03/06/31	"DELETE"
03/06/32	"DELETE"
03/07/73	"DELETE"
03/07/93	"DELETE"
03/07/09	"DELETE"
03/07/10	"DELETE"
03/07/13	"DELETE"
03/08/71	"DELETE"
03/08/96	"DELETE"
03/08/01	"DELETE"
03/08/02	"DELETE"
03/08/03	"DELETE"
03/08/04	"DELETE"
03/08/07	"DELETE"
03/08/08	"DELETE"
03/08/10	"DELETE"
03/08/12	"DELETE"
03/08/21	"DELETE"
03/08/22	"DELETE"
03/08/28	"DELETE"
03/09/77	"DELETE"
03/09/94	"DELETE"
03/09/96	"DELETE"
03/09/00	"DELETE"
03/09/02	"DELETE"
03/09/04	"DELETE"
03/09/08	"DELETE"
03/09/10	"DELETE"
03/09/13	"DELETE"
03/09/19	"DELETE"
03/09/21	"DELETE"
03/09/24	"DELETE"
03/10/64	"DELETE"
03/10/88	"DELETE"
03/10/96	"DELETE"
03/10/04	"DELETE"
03/10/06	"DELETE"
03/10/07	"DELETE"
03/10/14	"DELETE"
03/10/18	"DELETE"
03/10/22	"DELETE"
03/10/25	"DELETE"
03/10/26	"DELETE"
03/10/31	"DELETE"
03/10/33	"DELETE"
03/10/35	"DELETE"
03/10/36	"DELETE"
03/11/72	"DELETE"
03/11/97	"DELETE"
03/11/99	"DELETE"
03/11/01	"DELETE"
03/11/02	"DELETE"
03/11/04	"DELETE"
03/11/07	"DELETE"
03/11/09	"DELETE"
03/11/11	"DELETE"
03/11/12	"DELETE"
03/11/15	"DELETE"
03/11/16	"DELETE"
03/11/17	"DELETE"
03/11/20	"DELETE"
03/11/21	"DELETE"
03/11/22	"DELETE"
03/11/23	"DELETE"
03/11/24	"DELETE"
03/11/25	"DELETE"
03/11/34	"DELETE"
03/12/60	"DELETE"
03/12/80	"DELETE"
03/12/85	"DELETE"
03/12/87	"DELETE"
03/12/97	"DELETE"
03/12/99	"DELETE"
03/12/00	"DELETE"
03/12/02	"DELETE"
03/12/05	"DELETE"
03/12/07	"DELETE"
03/12/08	"DELETE"
03/12/09	"DELETE"
03/12/11	"DELETE"
03/12/12	"DELETE"
03/12/15	"DELETE"
03/12/17	"DELETE"
03/12/20	"DELETE"
03/12/23	"DELETE"
03/12/29	"DELETE"
03/12/31	"DELETE"
04/01/77	"DELETE"
04/01/01	"DELETE"
04/01/04	"DELETE"
04/02/63	"DELETE"
04/02/93	"DELETE"
04/02/94	"DELETE"
04/02/03	"DELETE"
04/02/09	"DELETE"
04/02/11	"DELETE"
04/02/12	"DELETE"
04/02/15	"DELETE"
04/02/16	"DELETE"
04/02/17	"DELETE"
04/02/18	"DELETE"
04/02/26	"DELETE"
04/02/27	"DELETE"
04/02/30	"DELETE"
04/02/35	"DELETE"
04/02/36	"DELETE"
04/03/68	"DELETE"
04/03/80	"DELETE"
04/03/91	"DELETE"
04/03/93	"DELETE"
04/03/96	"DELETE"
04/03/99	"DELETE"
04/03/03	"DELETE"
04/03/05	"DELETE"
04/03/07	"DELETE"
04/03/08	"DELETE"
04/03/09	"DELETE"
04/03/16	"DELETE"
04/03/20	"DELETE"
04/03/21	"DELETE"
04/03/25	"DELETE"
04/03/28	"DELETE"
04/03/35	"DELETE"
04/03/39	"DELETE"
04/04/66	"DELETE"
04/04/68	"DELETE"
04/04/90	"DELETE"
04/04/93	"DELETE"
04/04/94	"DELETE"
04/04/95	"DELETE"
04/04/97	"DELETE"
04/04/98	"DELETE"
04/04/00	"DELETE"
04/04/06	"DELETE"
04/04/08	"DELETE"
04/04/09	"DELETE"
04/04/14	"DELETE"
04/04/17	"DELETE"
04/04/19	"DELETE"
04/04/24	"DELETE"
04/04/27	"DELETE"
04/04/30	"DELETE"
04/04/33	"DELETE"
04/05/67	"DELETE"
04/05/68	"DELETE"
04/05/88	"DELETE"
04/05/92	"DELETE"
04/05/93	"DELETE"
04/05/00	"DELETE"
04/05/02	"DELETE"
04/05/06	"DELETE"
04/05/07	"DELETE"
04/05/08	"DELETE"
04/05/09	"DELETE"
04/05/15	"DELETE"
04/05/16	"DELETE"
04/05/18	"DELETE"
04/05/22	"DELETE"
04/05/37	"DELETE"
04/05/40	"DELETE"
04/06/95	"DELETE"
04/06/03	"DELETE"
04/06/31	"DELETE"
04/07/73	"DELETE"
04/07/96	"DELETE"
04/07/08	"DELETE"
04/07/10	"DELETE"
04/07/12	"DELETE"
04/07/14	"DELETE"
04/07/19	"DELETE"
04/08/68	"DELETE"
04/08/75	"DELETE"
04/08/86	"DELETE"
04/08/92	"DELETE"
04/08/94	"DELETE"
04/08/00	"DELETE"
04/08/02	"DELETE"
04/08/06	"DELETE"
04/08/13	"DELETE"
04/08/20	"DELETE"
04/08/26	"DELETE"
04/08/36	"DELETE"
04/08/39	"DELETE"
04/09/73	"DELETE"
04/09/93	"DELETE"
04/09/99	"DELETE"
04/09/01	"DELETE"
04/09/05	"DELETE"
04/09/07	"DELETE"
04/09/09	"DELETE"
04/09/11	"DELETE"
04/09/12	"DELETE"
04/09/18	"DELETE"
04/09/26	"DELETE"
04/09/28	"DELETE"
04/09/36	"DELETE"
04/10/62	"DELETE"
04/10/11	"DELETE"
04/10/13	"DELETE"
04/10/16	"DELETE"
04/10/18	"DELETE"
04/10/20	"DELETE"
04/10/22	"DELETE"
04/10/27	"DELETE"
04/10/30	"DELETE"
04/10/35	"DELETE"
04/10/36	"DELETE"
04/11/71	"DELETE"
04/11/74	"DELETE"
04/11/86	"DELETE"
04/11/93	"DELETE"
04/11/94	"DELETE"
04/11/97	"DELETE"
04/11/98	"DELETE"
04/11/00	"DELETE"
04/11/01	"DELETE"
04/11/03	"DELETE"
04/11/04	"DELETE"
04/11/12	"DELETE"
04/11/14	"DELETE"
04/11/15	"DELETE"
04/11/17	"DELETE"
04/11/20	"DELETE"
04/11/21	"DELETE"
04/11/26	"DELETE"
04/11/27	"DELETE"
04/11/30	"DELETE"
04/11/33	"DELETE"
04/11/35	"DELETE"
04/11/39	"DELETE"
04/12/61	"DELETE"
04/12/75	"DELETE"
04/12/88	"DELETE"
04/12/95	"DELETE"
04/12/99	"DELETE"
04/12/01	"DELETE"
04/12/03	"DELETE"
04/12/04	"DELETE"
04/12/05	"DELETE"
04/12/10	"DELETE"
04/12/12	"DELETE"
04/12/14	"DELETE"
04/12/18	"DELETE"
04/12/19	"DELETE"
04/12/21	"DELETE"
04/12/23	"DELETE"
04/12/25	"DELETE"
04/12/30	"DELETE"
04/12/31	"DELETE"
04/12/33	"DELETE"
04/12/34	"DELETE"
04/12/36	"DELETE"
05/01/63	"DELETE"
05/01/75	"DELETE"
05/01/76	"DELETE"
05/01/78	"DELETE"
05/01/00	"DELETE"
05/01/18	"DELETE"
05/01/19	"DELETE"
05/01/22	"DELETE"
05/01/35	"DELETE"
05/02/66	"DELETE"
05/02/67	"DELETE"
05/02/68	"DELETE"
05/02/71	"DELETE"
05/02/73	"DELETE"
05/02/96	"DELETE"
05/02/07	"DELETE"
05/02/11	"DELETE"
05/02/13	"DELETE"
05/02/14	"DELETE"
05/02/15	"DELETE"
05/02/17	"DELETE"
05/02/20	"DELETE"
05/02/22	"DELETE"
05/02/26	"DELETE"
05/02/31	"DELETE"
05/02/34	"DELETE"
05/02/37	"DELETE"
05/03/60	"DELETE"
05/03/73	"DELETE"
05/03/79	"DELETE"
05/03/83	"DELETE"
05/03/90	"DELETE"
05/03/92	"DELETE"
05/03/93	"DELETE"
05/03/01	"DELETE"
05/03/02	"DELETE"
05/03/08	"DELETE"
05/03/09	"DELETE"
05/03/11	"DELETE"
05/03/13	"DELETE"
05/03/17	"DELETE"
05/03/20	"DELETE"
05/03/24	"DELETE"
05/03/25	"DELETE"
05/03/31	"DELETE"
05/03/40	"DELETE"
05/04/65	"DELETE"
05/04/73	"DELETE"
05/04/75	"DELETE"
05/04/76	"DELETE"
05/04/77	"DELETE"
05/04/79	"DELETE"
05/04/91	"DELETE"
05/04/93	"DELETE"
05/04/01	"DELETE"
05/04/08	"DELETE"
05/04/09	"DELETE"
05/04/12	"DELETE"
05/04/14	"DELETE"
05/04/18	"DELETE"
05/04/19	"DELETE"
05/04/22	"DELETE"
05/04/33	"DELETE"
05/04/38	"DELETE"
05/04/40	"DELETE"
05/05/66	"DELETE"
05/05/71	"DELETE"
05/05/85	"DELETE"
05/05/86	"DELETE"
05/05/88	"DELETE"
05/05/91	"DELETE"
05/05/00	"DELETE"
05/05/02	"DELETE"
05/05/04	"DELETE"
05/05/05	"DELETE"
05/05/06	"DELETE"
05/05/09	"DELETE"
05/05/12	"DELETE"
05/05/15	"DELETE"
05/05/16	"DELETE"
05/05/22	"DELETE"
05/05/24	"DELETE"
05/05/31	"DELETE"
05/05/37	"DELETE"
05/06/04	"DELETE"
05/06/10	"DELETE"
05/06/15	"DELETE"
05/06/18	"DELETE"
05/07/93	"DELETE"
05/08/81	"DELETE"
05/08/90	"DELETE"
05/08/93	"DELETE"
05/08/96	"DELETE"
05/08/01	"DELETE"
05/08/03	"DELETE"
05/08/05	"DELETE"
05/08/07	"DELETE"
05/08/08	"DELETE"
05/08/11	"DELETE"
05/08/12	"DELETE"
05/08/22	"DELETE"
05/08/25	"DELETE"
05/08/30	"DELETE"
05/08/38	"DELETE"
05/09/72	"DELETE"
05/09/77	"DELETE"
05/09/94	"DELETE"
05/09/96	"DELETE"
05/09/00	"DELETE"
05/09/03	"DELETE"
05/09/04	"DELETE"
05/09/06	"DELETE"
05/09/08	"DELETE"
05/09/10	"DELETE"
05/09/14	"DELETE"
05/09/17	"DELETE"
05/09/25	"DELETE"
05/09/30	"DELETE"
05/10/52	"DELETE"
05/10/67	"DELETE"
05/10/77	"DELETE"
05/10/85	"DELETE"
05/10/00	"DELETE"
05/10/15	"DELETE"
05/10/16	"DELETE"
05/10/18	"DELETE"
05/10/21	"DELETE"
05/10/26	"DELETE"
05/10/31	"DELETE"
05/10/33	"DELETE"
05/10/35	"DELETE"
05/10/38	"DELETE"
05/11/92	"DELETE"
05/11/99	"DELETE"
05/11/00	"DELETE"
05/11/02	"DELETE"
05/11/08	"DELETE"
05/11/11	"DELETE"
05/11/12	"DELETE"
05/11/16	"DELETE"
05/11/17	"DELETE"
05/11/18	"DELETE"
05/11/20	"DELETE"
05/11/21	"DELETE"
05/11/22	"DELETE"
05/11/24	"DELETE"
05/11/25	"DELETE"
05/11/26	"DELETE"
05/11/27	"DELETE"
05/11/28	"DELETE"
05/11/32	"DELETE"
05/11/35	"DELETE"
05/11/38	"DELETE"
05/12/66	"DELETE"
05/12/68	"DELETE"
05/12/74	"DELETE"
05/12/82	"DELETE"
05/12/85	"DELETE"
05/12/87	"DELETE"
05/12/89	"DELETE"
05/12/93	"DELETE"
05/12/97	"DELETE"
05/12/99	"DELETE"
05/12/01	"DELETE"
05/12/02	"DELETE"
05/12/04	"DELETE"
05/12/06	"DELETE"
05/12/09	"DELETE"
05/12/12	"DELETE"
05/12/20	"DELETE"
05/12/21	"DELETE"
05/12/22	"DELETE"
05/12/27	"DELETE"
05/12/30	"DELETE"
05/12/36	"DELETE"
06/01/77	"DELETE"
06/01/99	"DELETE"
06/01/06	"DELETE"
06/01/16	"DELETE"
06/01/19	"DELETE"
06/01/21	"DELETE"
06/01/22	"DELETE"
06/01/35	"DELETE"
06/02/75	"DELETE"
06/02/84	"DELETE"
06/02/87	"DELETE"
06/02/91	"DELETE"
06/02/03	"DELETE"
06/02/08	"DELETE"
06/02/10	"DELETE"
06/02/12	"DELETE"
06/02/16	"DELETE"
06/02/19	"DELETE"
06/02/20	"DELETE"
06/02/24	"DELETE"
06/03/86	"DELETE"
06/03/89	"DELETE"
06/03/90	"DELETE"
06/03/91	"DELETE"
06/03/92	"DELETE"
06/03/99	"DELETE"
06/03/05	"DELETE"
06/03/08	"DELETE"
06/03/11	"DELETE"
06/03/12	"DELETE"
06/03/13	"DELETE"
06/03/15	"DELETE"
06/03/17	"DELETE"
06/03/19	"DELETE"
06/03/24	"DELETE"
06/03/28	"DELETE"
06/03/35	"DELETE"
06/03/36	"DELETE"
06/04/36	"DELETE"
06/04/46	"DELETE"
06/04/61	"DELETE"
06/04/64	"DELETE"
06/04/66	"DELETE"
06/04/70	"DELETE"
06/04/78	"DELETE"
06/04/80	"DELETE"
06/04/81	"DELETE"
06/04/87	"DELETE"
06/04/98	"DELETE"
06/04/99	"DELETE"
06/04/03	"DELETE"
06/04/04	"DELETE"
06/04/10	"DELETE"
06/04/11	"DELETE"
06/04/16	"DELETE"
06/04/17	"DELETE"
06/04/22	"DELETE"
06/04/28	"DELETE"
06/04/33	"DELETE"
06/04/35	"DELETE"
06/04/37	"DELETE"
06/04/38	"DELETE"
06/05/85	"DELETE"
06/05/86	"DELETE"
06/05/90	"DELETE"
06/05/91	"DELETE"
06/05/99	"DELETE"
06/05/00	"DELETE"
06/05/05	"DELETE"
06/05/10	"DELETE"
06/05/11	"DELETE"
06/05/14	"DELETE"
06/05/16	"DELETE"
06/05/18	"DELETE"
06/05/21	"DELETE"
06/05/29	"DELETE"
06/05/36	"DELETE"
06/05/38	"DELETE"
06/06/62	"DELETE"
06/06/95	"DELETE"
06/06/96	"DELETE"
06/06/08	"DELETE"
06/06/12	"DELETE"
06/06/15	"DELETE"
06/06/20	"DELETE"
06/06/21	"DELETE"
06/08/80	"DELETE"
06/08/94	"DELETE"
06/08/00	"DELETE"
06/08/02	"DELETE"
06/08/04	"DELETE"
06/08/10	"DELETE"
06/08/13	"DELETE"
06/08/19	"DELETE"
06/08/24	"DELETE"
06/09/72	"DELETE"
06/09/93	"DELETE"
06/09/99	"DELETE"
06/09/02	"DELETE"
06/09/05	"DELETE"
06/09/11	"DELETE"
06/09/12	"DELETE"
06/09/13	"DELETE"
06/09/18	"DELETE"
06/09/22	"DELETE"
06/09/24	"DELETE"
06/10/72	"DELETE"
06/10/97	"DELETE"
06/10/02	"DELETE"
06/10/17	"DELETE"
06/10/24	"DELETE"
06/10/28	"DELETE"
06/10/31	"DELETE"
06/10/34	"DELETE"
06/10/35	"DELETE"
06/10/38	"DELETE"
06/10/40	"DELETE"
06/11/65	"DELETE"
06/11/75	"DELETE"
06/11/86	"DELETE"
06/11/92	"DELETE"
06/11/95	"DELETE"
06/11/99	"DELETE"
06/11/00	"DELETE"
06/11/01	"DELETE"
06/11/03	"DELETE"
06/11/04	"DELETE"
06/11/07	"DELETE"
06/11/08	"DELETE"
06/11/10	"DELETE"
06/11/18	"DELETE"
06/11/20	"DELETE"
06/11/25	"DELETE"
06/11/28	"DELETE"
06/11/31	"DELETE"
06/11/36	"DELETE"
06/12/68	"DELETE"
06/12/75	"DELETE"
06/12/79	"DELETE"
06/12/90	"DELETE"
06/12/93	"DELETE"
06/12/94	"DELETE"
06/12/96	"DELETE"
06/12/98	"DELETE"
06/12/99	"DELETE"
06/12/05	"DELETE"
06/12/06	"DELETE"
06/12/08	"DELETE"
06/12/11	"DELETE"
06/12/14	"DELETE"
06/12/18	"DELETE"
06/12/20	"DELETE"
06/12/21	"DELETE"
06/12/23	"DELETE"
06/12/26	"DELETE"
06/12/28	"DELETE"
06/12/38	"DELETE"
07/01/60	"DELETE"
07/01/65	"DELETE"
07/01/94	"DELETE"
07/01/00	"DELETE"
07/01/03	"DELETE"
07/01/09	"DELETE"
07/01/15	"DELETE"
07/01/23	"DELETE"
07/01/37	"DELETE"
07/02/74	"DELETE"
07/02/85	"DELETE"
07/02/91	"DELETE"
07/02/97	"DELETE"
07/02/06	"DELETE"
07/02/09	"DELETE"
07/02/10	"DELETE"
07/02/11	"DELETE"
07/02/13	"DELETE"
07/02/17	"DELETE"
07/02/18	"DELETE"
07/02/28	"DELETE"
07/02/29	"DELETE"
07/02/39	"DELETE"
07/03/36	"DELETE"
07/03/86	"DELETE"
07/03/89	"DELETE"
07/03/94	"DELETE"
07/03/98	"DELETE"
07/03/99	"DELETE"
07/03/05	"DELETE"
07/03/06	"DELETE"
07/03/07	"DELETE"
07/03/12	"DELETE"
07/03/14	"DELETE"
07/03/17	"DELETE"
07/03/18	"DELETE"
07/03/19	"DELETE"
07/03/22	"DELETE"
07/03/23	"DELETE"
07/03/24	"DELETE"
07/03/29	"DELETE"
07/03/30	"DELETE"
07/04/66	"DELETE"
07/04/73	"DELETE"
07/04/86	"DELETE"
07/04/89	"DELETE"
07/04/00	"DELETE"
07/04/04	"DELETE"
07/04/06	"DELETE"
07/04/08	"DELETE"
07/04/10	"DELETE"
07/04/19	"DELETE"
07/04/21	"DELETE"
07/04/22	"DELETE"
07/04/23	"DELETE"
07/04/27	"DELETE"
07/04/30	"DELETE"
07/04/32	"DELETE"
07/04/38	"DELETE"
07/05/68	"DELETE"
07/05/73	"DELETE"
07/05/80	"DELETE"
07/05/87	"DELETE"
07/05/91	"DELETE"
07/05/07	"DELETE"
07/05/08	"DELETE"
07/05/10	"DELETE"
07/05/14	"DELETE"
07/05/19	"DELETE"
07/05/20	"DELETE"
07/05/24	"DELETE"
07/05/29	"DELETE"
07/05/34	"DELETE"
07/05/37	"DELETE"
07/05/40	"DELETE"
07/06/77	"DELETE"
07/06/79	"DELETE"
07/06/16	"DELETE"
07/06/17	"DELETE"
07/06/19	"DELETE"
07/06/39	"DELETE"
07/08/93	"DELETE"
07/08/96	"DELETE"
07/08/97	"DELETE"
07/08/99	"DELETE"
07/08/01	"DELETE"
07/08/05	"DELETE"
07/08/07	"DELETE"
07/08/11	"DELETE"
07/08/12	"DELETE"
07/08/26	"DELETE"
07/08/28	"DELETE"
07/08/36	"DELETE"
07/09/95	"DELETE"
07/09/96	"DELETE"
07/09/01	"DELETE"
07/09/03	"DELETE"
07/09/04	"DELETE"
07/09/07	"DELETE"
07/09/08	"DELETE"
07/09/10	"DELETE"
07/09/12	"DELETE"
07/09/18	"DELETE"
07/09/21	"DELETE"
07/09/28	"DELETE"
07/10/71	"DELETE"
07/10/72	"DELETE"
07/10/83	"DELETE"
07/10/01	"DELETE"
07/10/10	"DELETE"
07/10/12	"DELETE"
07/10/16	"DELETE"
07/10/25	"DELETE"
07/10/26	"DELETE"
07/10/32	"DELETE"
07/10/39	"DELETE"
07/11/83	"DELETE"
07/11/91	"DELETE"
07/11/92	"DELETE"
07/11/94	"DELETE"
07/11/96	"DELETE"
07/11/97	"DELETE"
07/11/05	"DELETE"
07/11/08	"DELETE"
07/11/09	"DELETE"
07/11/12	"DELETE"
07/11/15	"DELETE"
07/11/17	"DELETE"
07/11/20	"DELETE"
07/11/26	"DELETE"
07/11/27	"DELETE"
07/12/80	"DELETE"
07/12/93	"DELETE"
07/12/98	"DELETE"
07/12/99	"DELETE"
07/12/02	"DELETE"
07/12/03	"DELETE"
07/12/04	"DELETE"
07/12/09	"DELETE"
07/12/11	"DELETE"
07/12/16	"DELETE"
07/12/17	"DELETE"
07/12/19	"DELETE"
07/12/20	"DELETE"
07/12/21	"DELETE"
07/12/22	"DELETE"
07/12/23	"DELETE"
07/12/25	"DELETE"
07/12/33	"DELETE"
07/12/35	"DELETE"
07/12/37	"DELETE"
08/01/61	"DELETE"
08/01/62	"DELETE"
08/01/66	"DELETE"
08/01/71	"DELETE"
08/01/76	"DELETE"
08/01/77	"DELETE"
08/01/91	"DELETE"
08/01/06	"DELETE"
08/01/16	"DELETE"
08/01/25	"DELETE"
08/01/29	"DELETE"
08/01/32	"DELETE"
08/02/68	"DELETE"
08/02/75	"DELETE"
08/02/79	"DELETE"
08/02/88	"DELETE"
08/02/90	"DELETE"
08/02/92	"DELETE"
08/02/04	"DELETE"
08/02/07	"DELETE"
08/02/12	"DELETE"
08/02/17	"DELETE"
08/02/18	"DELETE"
08/02/19	"DELETE"
08/02/20	"DELETE"
08/02/22	"DELETE"
08/02/24	"DELETE"
08/02/26	"DELETE"
08/02/32	"DELETE"
08/02/33	"DELETE"
08/02/40	"DELETE"
08/03/67	"DELETE"
08/03/79	"DELETE"
08/03/83	"DELETE"
08/03/84	"DELETE"
08/03/85	"DELETE"
08/03/86	"DELETE"
08/03/93	"DELETE"
08/03/01	"DELETE"
08/03/05	"DELETE"
08/03/06	"DELETE"
08/03/08	"DELETE"
08/03/10	"DELETE"
08/03/11	"DELETE"
08/03/13	"DELETE"
08/03/16	"DELETE"
08/03/17	"DELETE"
08/03/23	"DELETE"
08/03/28	"DELETE"
08/03/32	"DELETE"
08/03/40	"DELETE"
08/04/65	"DELETE"
08/04/74	"DELETE"
08/04/75	"DELETE"
08/04/76	"DELETE"
08/04/79	"DELETE"
08/04/80	"DELETE"
08/04/85	"DELETE"
08/04/98	"DELETE"
08/04/00	"DELETE"
08/04/11	"DELETE"
08/04/16	"DELETE"
08/04/18	"DELETE"
08/04/22	"DELETE"
08/04/24	"DELETE"
08/04/30	"DELETE"
08/04/32	"DELETE"
08/04/33	"DELETE"
08/05/68	"DELETE"
08/05/75	"DELETE"
08/05/78	"DELETE"
08/05/85	"DELETE"
08/05/86	"DELETE"
08/05/93	"DELETE"
08/05/95	"DELETE"
08/05/97	"DELETE"
08/05/99	"DELETE"
08/05/01	"DELETE"
08/05/08	"DELETE"
08/05/09	"DELETE"
08/05/15	"DELETE"
08/05/16	"DELETE"
08/05/22	"DELETE"
08/05/24	"DELETE"
08/05/34	"DELETE"
08/05/37	"DELETE"
08/06/71	"DELETE"
08/06/76	"DELETE"
08/06/90	"DELETE"
08/06/01	"DELETE"
08/06/05	"DELETE"
08/06/07	"DELETE"
08/06/09	"DELETE"
08/06/13	"DELETE"
08/06/20	"DELETE"
08/06/22	"DELETE"
08/06/29	"DELETE"
08/07/64	"DELETE"
08/07/75	"DELETE"
08/07/12	"DELETE"
08/08/72	"DELETE"
08/08/94	"DELETE"
08/08/99	"DELETE"
08/08/00	"DELETE"
08/08/03	"DELETE"
08/08/04	"DELETE"
08/08/06	"DELETE"
08/08/08	"DELETE"
08/08/10	"DELETE"
08/08/25	"DELETE"
08/08/30	"DELETE"
08/09/98	"DELETE"
08/09/00	"DELETE"
08/09/02	"DELETE"
08/09/06	"DELETE"
08/09/13	"DELETE"
08/09/20	"DELETE"
08/09/26	"DELETE"
08/09/33	"DELETE"
08/09/36	"DELETE"
08/09/39	"DELETE"
08/10/92	"DELETE"
08/10/94	"DELETE"
08/10/00	"DELETE"
08/10/04	"DELETE"
08/10/14	"DELETE"
08/10/17	"DELETE"
08/10/25	"DELETE"
08/10/26	"DELETE"
08/10/27	"DELETE"
08/10/28	"DELETE"
08/10/30	"DELETE"
08/10/32	"DELETE"
08/10/38	"DELETE"
08/11/68	"DELETE"
08/11/79	"DELETE"
08/11/84	"DELETE"
08/11/90	"DELETE"
08/11/96	"DELETE"
08/11/98	"DELETE"
08/11/01	"DELETE"
08/11/03	"DELETE"
08/11/11	"DELETE"
08/11/14	"DELETE"
08/11/16	"DELETE"
08/11/17	"DELETE"
08/11/20	"DELETE"
08/11/25	"DELETE"
08/11/27	"DELETE"
08/11/33	"DELETE"
08/11/34	"DELETE"
08/11/40	"DELETE"
08/12/75	"DELETE"
08/12/84	"DELETE"
08/12/92	"DELETE"
08/12/95	"DELETE"
08/12/00	"DELETE"
08/12/02	"DELETE"
08/12/03	"DELETE"
08/12/07	"DELETE"
08/12/09	"DELETE"
08/12/10	"DELETE"
08/12/12	"DELETE"
08/12/14	"DELETE"
08/12/15	"DELETE"
08/12/18	"DELETE"
08/12/19	"DELETE"
08/12/20	"DELETE"
08/12/21	"DELETE"
08/12/22	"DELETE"
08/12/25	"DELETE"
08/12/29	"DELETE"
08/12/30	"DELETE"
08/12/31	"DELETE"
08/12/33	"DELETE"
08/12/38	"DELETE"
08/12/39	"DELETE"
09/01/69	"DELETE"
09/01/71	"DELETE"
09/01/86	"DELETE"
09/01/87	"DELETE"
09/01/95	"DELETE"
09/01/08	"DELETE"
09/01/32	"DELETE"
09/01/35	"DELETE"
09/02/59	"DELETE"
09/02/60	"DELETE"
09/02/63	"DELETE"
09/02/67	"DELETE"
09/02/93	"DELETE"
09/02/98	"DELETE"
09/02/05	"DELETE"
09/02/08	"DELETE"
09/02/10	"DELETE"
09/02/11	"DELETE"
09/02/13	"DELETE"
09/02/17	"DELETE"
09/02/19	"DELETE"
09/02/23	"DELETE"
09/02/25	"DELETE"
09/02/27	"DELETE"
09/02/28	"DELETE"
09/02/32	"DELETE"
09/02/33	"DELETE"
09/02/34	"DELETE"
09/02/39	"DELETE"
09/03/60	"DELETE"
09/03/64	"DELETE"
09/03/81	"DELETE"
09/03/92	"DELETE"
09/03/98	"DELETE"
09/03/02	"DELETE"
09/03/03	"DELETE"
09/03/04	"DELETE"
09/03/11	"DELETE"
09/03/20	"DELETE"
09/03/21	"DELETE"
09/03/25	"DELETE"
09/03/26	"DELETE"
09/03/28	"DELETE"
09/03/32	"DELETE"
09/04/68	"DELETE"
09/04/81	"DELETE"
09/04/90	"DELETE"
09/04/92	"DELETE"
09/04/94	"DELETE"
09/04/02	"DELETE"
09/04/05	"DELETE"
09/04/06	"DELETE"
09/04/09	"DELETE"
09/04/13	"DELETE"
09/04/14	"DELETE"
09/04/18	"DELETE"
09/04/19	"DELETE"
09/04/20	"DELETE"
09/04/23	"DELETE"
09/05/91	"DELETE"
09/05/95	"DELETE"
09/05/06	"DELETE"
09/05/08	"DELETE"
09/05/10	"DELETE"
09/05/13	"DELETE"
09/05/17	"DELETE"
09/05/27	"DELETE"
09/05/31	"DELETE"
09/05/36	"DELETE"
09/05/40	"DELETE"
09/06/93	"DELETE"
09/06/17	"DELETE"
09/06/18	"DELETE"
09/06/36	"DELETE"
09/07/80	"DELETE"
09/07/93	"DELETE"
09/07/94	"DELETE"
09/07/14	"DELETE"
09/08/75	"DELETE"
09/08/93	"DELETE"
09/08/99	"DELETE"
09/08/02	"DELETE"
09/08/05	"DELETE"
09/08/11	"DELETE"
09/08/13	"DELETE"
09/08/22	"DELETE"
09/08/24	"DELETE"
09/09/72	"DELETE"
09/09/78	"DELETE"
09/09/93	"DELETE"
09/09/99	"DELETE"
09/09/01	"DELETE"
09/09/03	"DELETE"
09/09/05	"DELETE"
09/09/07	"DELETE"
09/09/08	"DELETE"
09/09/10	"DELETE"
09/09/11	"DELETE"
09/09/12	"DELETE"
09/09/22	"DELETE"
09/09/25	"DELETE"
09/09/26	"DELETE"
09/09/27	"DELETE"
09/09/30	"DELETE"
09/09/38	"DELETE"
09/10/86	"DELETE"
09/10/99	"DELETE"
09/10/10	"DELETE"
09/10/15	"DELETE"
09/10/18	"DELETE"
09/10/24	"DELETE"
09/10/25	"DELETE"
09/10/28	"DELETE"
09/10/33	"DELETE"
09/10/36	"DELETE"
09/11/85	"DELETE"
09/11/89	"DELETE"
09/11/93	"DELETE"
09/11/95	"DELETE"
09/11/97	"DELETE"
09/11/00	"DELETE"
09/11/03	"DELETE"
09/11/05	"DELETE"
09/11/13	"DELETE"
09/11/15	"DELETE"
09/11/20	"DELETE"
09/11/21	"DELETE"
09/11/22	"DELETE"
09/11/26	"DELETE"
09/11/33	"DELETE"
09/12/61	"DELETE"
09/12/63	"DELETE"
09/12/71	"DELETE"
09/12/78	"DELETE"
09/12/89	"DELETE"
09/12/94	"DELETE"
09/12/96	"DELETE"
09/12/98	"DELETE"
09/12/99	"DELETE"
09/12/00	"DELETE"
09/12/01	"DELETE"
09/12/02	"DELETE"
09/12/03	"DELETE"
09/12/06	"DELETE"
09/12/09	"DELETE"
09/12/11	"DELETE"
09/12/16	"DELETE"
09/12/21	"DELETE"
09/12/24	"DELETE"
09/12/29	"DELETE"
09/12/30	"DELETE"
10/01/63	"DELETE"
10/01/78	"DELETE"
10/01/98	"DELETE"
10/01/04	"DELETE"
10/01/05	"DELETE"
10/01/07	"DELETE"
10/01/08	"DELETE"
10/01/11	"DELETE"
10/01/12	"DELETE"
10/01/14	"DELETE"
10/01/15	"DELETE"
10/01/17	"DELETE"
10/01/33	"DELETE"
10/01/35	"DELETE"
10/02/66	"DELETE"
10/02/69	"DELETE"
10/02/94	"DELETE"
10/02/03	"DELETE"
10/02/04	"DELETE"
10/02/07	"DELETE"
10/02/12	"DELETE"
10/02/19	"DELETE"
10/02/20	"DELETE"
10/02/21	"DELETE"
10/02/22	"DELETE"
10/02/30	"DELETE"
10/02/31	"DELETE"
10/02/39	"DELETE"
10/03/60	"DELETE"
10/03/69	"DELETE"
10/03/83	"DELETE"
10/03/89	"DELETE"
10/03/90	"DELETE"
10/03/94	"DELETE"
10/03/95	"DELETE"
10/03/05	"DELETE"
10/03/10	"DELETE"
10/03/11	"DELETE"
10/03/12	"DELETE"
10/03/16	"DELETE"
10/03/19	"DELETE"
10/03/20	"DELETE"
10/03/21	"DELETE"
10/03/22	"DELETE"
10/03/24	"DELETE"
10/03/30	"DELETE"
10/03/31	"DELETE"
10/03/32	"DELETE"
10/03/38	"DELETE"
10/03/39	"DELETE"
10/04/75	"DELETE"
10/04/91	"DELETE"
10/04/94	"DELETE"
10/04/97	"DELETE"
10/04/03	"DELETE"
10/04/04	"DELETE"
10/04/08	"DELETE"
10/04/11	"DELETE"
10/04/14	"DELETE"
10/04/16	"DELETE"
10/04/18	"DELETE"
10/04/19	"DELETE"
10/04/20	"DELETE"
10/04/35	"DELETE"
10/04/37	"DELETE"
10/05/89	"DELETE"
10/05/90	"DELETE"
10/05/95	"DELETE"
10/05/99	"DELETE"
10/05/00	"DELETE"
10/05/02	"DELETE"
10/05/04	"DELETE"
10/05/09	"DELETE"
10/05/16	"DELETE"
10/05/18	"DELETE"
10/05/19	"DELETE"
10/05/22	"DELETE"
10/05/24	"DELETE"
10/05/28	"DELETE"
10/05/40	"DELETE"
10/06/63	"DELETE"
10/06/75	"DELETE"
10/06/81	"DELETE"
10/06/26	"DELETE"
10/06/38	"DELETE"
10/07/73	"DELETE"
10/07/93	"DELETE"
10/08/96	"DELETE"
10/08/01	"DELETE"
10/08/03	"DELETE"
10/08/04	"DELETE"
10/08/07	"DELETE"
10/08/08	"DELETE"
10/08/10	"DELETE"
10/08/12	"DELETE"
10/08/21	"DELETE"
10/08/28	"DELETE"
10/09/76	"DELETE"
10/09/94	"DELETE"
10/09/00	"DELETE"
10/09/02	"DELETE"
10/09/04	"DELETE"
10/09/10	"DELETE"
10/09/13	"DELETE"
10/09/19	"DELETE"
10/09/21	"DELETE"
10/09/24	"DELETE"
10/10/85	"DELETE"
10/10/03	"DELETE"
10/10/08	"DELETE"
10/10/09	"DELETE"
10/10/10	"DELETE"
10/10/12	"DELETE"
10/10/18	"DELETE"
10/10/21	"DELETE"
10/10/23	"DELETE"
10/10/25	"DELETE"
10/11/59	"DELETE"
10/11/75	"DELETE"
10/11/83	"DELETE"
10/11/95	"DELETE"
10/11/97	"DELETE"
10/11/00	"DELETE"
10/11/02	"DELETE"
10/11/09	"DELETE"
10/11/10	"DELETE"
10/11/12	"DELETE"
10/11/15	"DELETE"
10/11/20	"DELETE"
10/11/21	"DELETE"
10/11/30	"DELETE"
10/11/33	"DELETE"
10/11/34	"DELETE"
10/11/35	"DELETE"
10/11/36	"DELETE"
10/12/71	"DELETE"
10/12/73	"DELETE"
10/12/75	"DELETE"
10/12/81	"DELETE"
10/12/90	"DELETE"
10/12/94	"DELETE"
10/12/99	"DELETE"
10/12/04	"DELETE"
10/12/05	"DELETE"
10/12/11	"DELETE"
10/12/15	"DELETE"
10/12/19	"DELETE"
10/12/20	"DELETE"
10/12/23	"DELETE"
10/12/31	"DELETE"
10/12/37	"DELETE"
11/01/72	"DELETE"
11/01/00	"DELETE"
11/01/07	"DELETE"
11/01/11	"DELETE"
11/01/12	"DELETE"
11/01/26	"DELETE"
11/01/32	"DELETE"
11/02/60	"DELETE"
11/02/82	"DELETE"
11/02/84	"DELETE"
11/02/88	"DELETE"
11/02/01	"DELETE"
11/02/03	"DELETE"
11/02/04	"DELETE"
11/02/06	"DELETE"
11/02/08	"DELETE"
11/02/12	"DELETE"
11/02/14	"DELETE"
11/02/17	"DELETE"
11/02/21	"DELETE"
11/02/23	"DELETE"
11/02/24	"DELETE"
11/02/25	"DELETE"
11/02/26	"DELETE"
11/02/30	"DELETE"
11/02/38	"DELETE"
11/03/71	"DELETE"
11/03/85	"DELETE"
11/03/86	"DELETE"
11/03/03	"DELETE"
11/03/06	"DELETE"
11/03/08	"DELETE"
11/03/09	"DELETE"
11/03/14	"DELETE"
11/03/15	"DELETE"
11/03/17	"DELETE"
11/03/20	"DELETE"
11/03/21	"DELETE"
11/03/25	"DELETE"
11/03/26	"DELETE"
11/03/38	"DELETE"
11/03/39	"DELETE"
11/04/63	"DELETE"
11/04/64	"DELETE"
11/04/75	"DELETE"
11/04/79	"DELETE"
11/04/80	"DELETE"
11/04/82	"DELETE"
11/04/84	"DELETE"
11/04/85	"DELETE"
11/04/88	"DELETE"
11/04/93	"DELETE"
11/04/94	"DELETE"
11/04/95	"DELETE"
11/04/06	"DELETE"
11/04/07	"DELETE"
11/04/08	"DELETE"
11/04/11	"DELETE"
11/04/18	"DELETE"
11/04/19	"DELETE"
11/04/22	"DELETE"
11/04/23	"DELETE"
11/04/24	"DELETE"
11/04/27	"DELETE"
11/04/30	"DELETE"
11/05/67	"DELETE"
11/05/68	"DELETE"
11/05/92	"DELETE"
11/05/02	"DELETE"
11/05/07	"DELETE"
11/05/08	"DELETE"
11/05/11	"DELETE"
11/05/17	"DELETE"
11/05/18	"DELETE"
11/05/20	"DELETE"
11/05/21	"DELETE"
11/05/22	"DELETE"
11/05/25	"DELETE"
11/06/74	"DELETE"
11/06/79	"DELETE"
11/06/80	"DELETE"
11/06/07	"DELETE"
11/06/11	"DELETE"
11/06/12	"DELETE"
11/06/19	"DELETE"
11/06/37	"DELETE"
11/07/94	"DELETE"
11/07/96	"DELETE"
11/07/16	"DELETE"
11/07/39	"DELETE"
11/08/73	"DELETE"
11/08/75	"DELETE"
11/08/94	"DELETE"
11/08/00	"DELETE"
11/08/02	"DELETE"
11/08/06	"DELETE"
11/08/13	"DELETE"
11/08/20	"DELETE"
11/08/26	"DELETE"
11/08/36	"DELETE"
11/08/39	"DELETE"
11/09/52	"DELETE"
11/09/93	"DELETE"
11/09/99	"DELETE"
11/09/01	"DELETE"
11/09/05	"DELETE"
11/09/07	"DELETE"
11/09/11	"DELETE"
11/09/12	"DELETE"
11/09/19	"DELETE"
11/09/26	"DELETE"
11/09/28	"DELETE"
11/09/36	"DELETE"
11/10/52	"DELETE"
11/10/85	"DELETE"
11/10/05	"DELETE"
11/10/09	"DELETE"
11/10/13	"DELETE"
11/10/18	"DELETE"
11/10/22	"DELETE"
11/10/26	"DELETE"
11/10/28	"DELETE"
11/10/32	"DELETE"
11/11/71	"DELETE"
11/11/85	"DELETE"
11/11/93	"DELETE"
11/11/01	"DELETE"
11/11/02	"DELETE"
11/11/03	"DELETE"
11/11/04	"DELETE"
11/11/05	"DELETE"
11/11/08	"DELETE"
11/11/09	"DELETE"
11/11/12	"DELETE"
11/11/15	"DELETE"
11/11/19	"DELETE"
11/11/20	"DELETE"
11/11/21	"DELETE"
11/11/25	"DELETE"
11/11/26	"DELETE"
11/11/34	"DELETE"
11/12/92	"DELETE"
11/12/95	"DELETE"
11/12/98	"DELETE"
11/12/21	"DELETE"
12/01/59	"DELETE"
12/01/63	"DELETE"
12/01/68	"DELETE"
12/01/69	"DELETE"
12/01/86	"DELETE"
12/01/99	"DELETE"
12/01/11	"DELETE"
12/01/12	"DELETE"
12/01/14	"DELETE"
12/01/19	"DELETE"
12/01/22	"DELETE"
12/01/26	"DELETE"
12/01/28	"DELETE"
12/01/32	"DELETE"
12/02/66	"DELETE"
12/02/71	"DELETE"
12/02/76	"DELETE"
12/02/81	"DELETE"
12/02/82	"DELETE"
12/02/87	"DELETE"
12/02/93	"DELETE"
12/02/02	"DELETE"
12/02/04	"DELETE"
12/02/07	"DELETE"
12/02/09	"DELETE"
12/02/11	"DELETE"
12/02/19	"DELETE"
12/02/20	"DELETE"
12/02/22	"DELETE"
12/02/25	"DELETE"
12/02/26	"DELETE"
12/02/29	"DELETE"
12/02/31	"DELETE"
12/02/37	"DELETE"
12/03/66	"DELETE"
12/03/70	"DELETE"
12/03/79	"DELETE"
12/03/90	"DELETE"
12/03/91	"DELETE"
12/03/02	"DELETE"
12/03/04	"DELETE"
12/03/06	"DELETE"
12/03/07	"DELETE"
12/03/08	"DELETE"
12/03/11	"DELETE"
12/03/17	"DELETE"
12/03/19	"DELETE"
12/03/20	"DELETE"
12/03/21	"DELETE"
12/03/26	"DELETE"
12/03/29	"DELETE"
12/03/34	"DELETE"
12/03/36	"DELETE"
12/04/62	"DELETE"
12/04/74	"DELETE"
12/04/84	"DELETE"
12/04/89	"DELETE"
12/04/90	"DELETE"
12/04/91	"DELETE"
12/04/92	"DELETE"
12/04/94	"DELETE"
12/04/95	"DELETE"
12/04/08	"DELETE"
12/04/15	"DELETE"
12/04/16	"DELETE"
12/04/17	"DELETE"
12/04/21	"DELETE"
12/04/22	"DELETE"
12/04/23	"DELETE"
12/04/32	"DELETE"
12/04/40	"DELETE"
12/05/88	"DELETE"
12/05/03	"DELETE"
12/05/06	"DELETE"
12/05/07	"DELETE"
12/05/09	"DELETE"
12/05/19	"DELETE"
12/05/20	"DELETE"
12/05/30	"DELETE"
12/05/37	"DELETE"
12/05/38	"DELETE"
12/06/66	"DELETE"
12/06/73	"DELETE"
12/06/91	"DELETE"
12/06/08	"DELETE"
12/06/20	"DELETE"
12/06/21	"DELETE"
12/06/31	"DELETE"
12/07/75	"DELETE"
12/07/93	"DELETE"
12/07/39	"DELETE"
12/08/81	"DELETE"
12/08/82	"DELETE"
12/08/93	"DELETE"
12/08/96	"DELETE"
12/08/99	"DELETE"
12/08/01	"DELETE"
12/08/03	"DELETE"
12/08/05	"DELETE"
12/08/07	"DELETE"
12/08/08	"DELETE"
12/08/10	"DELETE"
12/08/11	"DELETE"
12/08/12	"DELETE"
12/08/22	"DELETE"
12/08/25	"DELETE"
12/08/30	"DELETE"
12/08/38	"DELETE"
12/09/94	"DELETE"
12/09/96	"DELETE"
12/09/00	"DELETE"
12/09/03	"DELETE"
12/09/04	"DELETE"
12/09/06	"DELETE"
12/09/08	"DELETE"
12/09/10	"DELETE"
12/09/14	"DELETE"
12/09/17	"DELETE"
12/09/25	"DELETE"
12/09/30	"DELETE"
12/09/35	"DELETE"
12/10/64	"DELETE"
12/10/78	"DELETE"
12/10/95	"DELETE"
12/10/01	"DELETE"
12/10/11	"DELETE"
12/10/12	"DELETE"
12/10/21	"DELETE"
12/10/22	"DELETE"
12/10/23	"DELETE"
12/10/25	"DELETE"
12/10/33	"DELETE"
12/10/39	"DELETE"
12/11/32	"DELETE"
12/11/70	"DELETE"
12/11/79	"DELETE"
12/11/93	"DELETE"
12/11/98	"DELETE"
12/11/00	"DELETE"
12/11/01	"DELETE"
12/11/04	"DELETE"
12/11/05	"DELETE"
12/11/08	"DELETE"
12/11/09	"DELETE"
12/11/10	"DELETE"
12/11/11	"DELETE"
12/11/16	"DELETE"
12/11/19	"DELETE"
12/11/20	"DELETE"
12/11/23	"DELETE"
12/11/29	"DELETE"
12/11/36	"DELETE"
12/11/37	"DELETE"
12/11/40	"DELETE"
12/12/86	"DELETE"
13/01/69	"DELETE"
13/01/72	"DELETE"
13/01/75	"DELETE"
13/01/77	"DELETE"
13/01/79	"DELETE"
13/01/83	"DELETE"
13/01/86	"DELETE"
13/01/94	"DELETE"
13/01/97	"DELETE"
13/01/02	"DELETE"
13/01/03	"DELETE"
13/01/08	"DELETE"
13/01/09	"DELETE"
13/01/10	"DELETE"
13/01/12	"DELETE"
13/01/16	"DELETE"
13/01/21	"DELETE"
13/01/22	"DELETE"
13/01/28	"DELETE"
13/01/31	"DELETE"
13/01/36	"DELETE"
13/02/63	"DELETE"
13/02/64	"DELETE"
13/02/86	"DELETE"
13/02/87	"DELETE"
13/02/93	"DELETE"
13/02/97	"DELETE"
13/02/01	"DELETE"
13/02/05	"DELETE"
13/02/08	"DELETE"
13/02/15	"DELETE"
13/02/16	"DELETE"
13/02/18	"DELETE"
13/02/19	"DELETE"
13/02/25	"DELETE"
13/02/26	"DELETE"
13/02/31	"DELETE"
13/02/36	"DELETE"
13/03/61	"DELETE"
13/03/66	"DELETE"
13/03/68	"DELETE"
13/03/89	"DELETE"
13/03/97	"DELETE"
13/03/01	"DELETE"
13/03/02	"DELETE"
13/03/04	"DELETE"
13/03/06	"DELETE"
13/03/09	"DELETE"
13/03/10	"DELETE"
13/03/15	"DELETE"
13/03/18	"DELETE"
13/03/19	"DELETE"
13/03/20	"DELETE"
13/03/22	"DELETE"
13/03/23	"DELETE"
13/03/26	"DELETE"
13/03/28	"DELETE"
13/03/30	"DELETE"
13/03/31	"DELETE"
13/04/67	"DELETE"
13/04/72	"DELETE"
13/04/74	"DELETE"
13/04/82	"DELETE"
13/04/83	"DELETE"
13/04/86	"DELETE"
13/04/98	"DELETE"
13/04/00	"DELETE"
13/04/05	"DELETE"
13/04/06	"DELETE"
13/04/18	"DELETE"
13/04/21	"DELETE"
13/04/34	"DELETE"
13/05/72	"DELETE"
13/05/76	"DELETE"
13/05/85	"DELETE"
13/05/07	"DELETE"
13/05/11	"DELETE"
13/05/13	"DELETE"
13/06/72	"DELETE"
13/06/90	"DELETE"
13/06/96	"DELETE"
13/06/08	"DELETE"
13/06/30	"DELETE"
13/06/33	"DELETE"
13/07/68	"DELETE"
13/07/71	"DELETE"
13/07/96	"DELETE"
13/08/61	"DELETE"
13/08/94	"DELETE"
13/08/00	"DELETE"
13/08/02	"DELETE"
13/08/04	"DELETE"
13/08/09	"DELETE"
13/08/10	"DELETE"
13/08/13	"DELETE"
13/08/19	"DELETE"
13/08/24	"DELETE"
13/09/62	"DELETE"
13/09/73	"DELETE"
13/09/93	"DELETE"
13/09/99	"DELETE"
13/09/02	"DELETE"
13/09/05	"DELETE"
13/09/11	"DELETE"
13/09/13	"DELETE"
13/09/15	"DELETE"
13/09/22	"DELETE"
13/09/24	"DELETE"
13/09/27	"DELETE"
13/09/32	"DELETE"
13/10/60	"DELETE"
13/10/02	"DELETE"
13/10/06	"DELETE"
13/10/17	"DELETE"
13/10/20	"DELETE"
13/10/21	"DELETE"
13/11/61	"DELETE"
13/11/75	"DELETE"
13/11/84	"DELETE"
13/11/92	"DELETE"
13/11/97	"DELETE"
13/11/98	"DELETE"
13/11/99	"DELETE"
13/11/02	"DELETE"
13/11/04	"DELETE"
13/11/07	"DELETE"
13/11/08	"DELETE"
13/11/09	"DELETE"
13/11/13	"DELETE"
13/11/15	"DELETE"
13/11/19	"DELETE"
13/11/21	"DELETE"
13/11/23	"DELETE"
13/11/25	"DELETE"
13/11/30	"DELETE"
13/11/31	"DELETE"
13/11/34	"DELETE"
13/11/37	"DELETE"
13/12/84	"DELETE"
13/12/88	"DELETE"
13/12/00	"DELETE"
13/12/03	"DELETE"
13/12/05	"DELETE"
13/12/08	"DELETE"
13/12/11	"DELETE"
13/12/13	"DELETE"
13/12/14	"DELETE"
13/12/16	"DELETE"
13/12/18	"DELETE"
13/12/19	"DELETE"
13/12/27	"DELETE"
13/12/28	"DELETE"
14/01/63	"DELETE"
14/01/69	"DELETE"
14/01/80	"DELETE"
14/01/82	"DELETE"
14/01/00	"DELETE"
14/01/02	"DELETE"
14/01/06	"DELETE"
14/01/10	"DELETE"
14/01/12	"DELETE"
14/01/14	"DELETE"
14/01/15	"DELETE"
14/01/17	"DELETE"
14/01/20	"DELETE"
14/01/21	"DELETE"
14/01/24	"DELETE"
14/01/25	"DELETE"
14/01/26	"DELETE"
14/01/27	"DELETE"
14/01/29	"DELETE"
14/01/30	"DELETE"
14/01/32	"DELETE"
14/01/37	"DELETE"
14/02/69	"DELETE"
14/02/74	"DELETE"
14/02/77	"DELETE"
14/02/85	"DELETE"
14/02/94	"DELETE"
14/02/01	"DELETE"
14/02/06	"DELETE"
14/02/10	"DELETE"
14/02/11	"DELETE"
14/02/13	"DELETE"
14/02/16	"DELETE"
14/02/17	"DELETE"
14/02/18	"DELETE"
14/02/19	"DELETE"
14/02/24	"DELETE"
14/02/27	"DELETE"
14/02/33	"DELETE"
14/02/39	"DELETE"
14/03/51	"DELETE"
14/03/63	"DELETE"
14/03/66	"DELETE"
14/03/68	"DELETE"
14/03/74	"DELETE"
14/03/75	"DELETE"
14/03/79	"DELETE"
14/03/88	"DELETE"
14/03/94	"DELETE"
14/03/97	"DELETE"
14/03/00	"DELETE"
14/03/03	"DELETE"
14/03/08	"DELETE"
14/03/09	"DELETE"
14/03/12	"DELETE"
14/03/13	"DELETE"
14/03/17	"DELETE"
14/03/18	"DELETE"
14/03/19	"DELETE"
14/03/20	"DELETE"
14/03/22	"DELETE"
14/03/27	"DELETE"
14/04/76	"DELETE"
14/04/79	"DELETE"
14/04/83	"DELETE"
14/04/86	"DELETE"
14/04/94	"DELETE"
14/04/02	"DELETE"
14/04/03	"DELETE"
14/04/05	"DELETE"
14/04/13	"DELETE"
14/04/15	"DELETE"
14/04/17	"DELETE"
14/04/19	"DELETE"
14/04/20	"DELETE"
14/04/21	"DELETE"
14/04/22	"DELETE"
14/05/87	"DELETE"
14/05/92	"DELETE"
14/05/02	"DELETE"
14/05/06	"DELETE"
14/05/10	"DELETE"
14/05/25	"DELETE"
14/05/29	"DELETE"
14/05/32	"DELETE"
14/06/75	"DELETE"
14/06/93	"DELETE"
14/06/07	"DELETE"
14/06/12	"DELETE"
14/06/22	"DELETE"
14/07/94	"DELETE"
14/08/75	"DELETE"
14/08/93	"DELETE"
14/08/94	"DELETE"
14/08/96	"DELETE"
14/08/99	"DELETE"
14/08/01	"DELETE"
14/08/05	"DELETE"
14/08/07	"DELETE"
14/08/11	"DELETE"
14/08/12	"DELETE"
14/08/26	"DELETE"
14/08/28	"DELETE"
14/08/36	"DELETE"
14/09/61	"DELETE"
14/09/72	"DELETE"
14/09/01	"DELETE"
14/09/03	"DELETE"
14/09/04	"DELETE"
14/09/07	"DELETE"
14/09/08	"DELETE"
14/09/10	"DELETE"
14/09/12	"DELETE"
14/09/21	"DELETE"
14/09/23	"DELETE"
14/09/26	"DELETE"
14/09/28	"DELETE"
14/09/34	"DELETE"
14/09/36	"DELETE"
14/09/38	"DELETE"
14/10/72	"DELETE"
14/10/82	"DELETE"
14/10/95	"DELETE"
14/10/96	"DELETE"
14/10/97	"DELETE"
14/10/01	"DELETE"
14/10/03	"DELETE"
14/10/07	"DELETE"
14/10/09	"DELETE"
14/10/16	"DELETE"
14/10/20	"DELETE"
14/10/25	"DELETE"
14/10/32	"DELETE"
14/10/37	"DELETE"
14/10/39	"DELETE"
14/11/66	"DELETE"
14/11/68	"DELETE"
14/11/73	"DELETE"
14/11/78	"DELETE"
14/11/88	"DELETE"
14/11/89	"DELETE"
14/11/94	"DELETE"
14/11/96	"DELETE"
14/11/00	"DELETE"
14/11/02	"DELETE"
14/11/03	"DELETE"
14/11/04	"DELETE"
14/11/05	"DELETE"
14/11/06	"DELETE"
14/11/07	"DELETE"
14/11/08	"DELETE"
14/11/09	"DELETE"
14/11/10	"DELETE"
14/11/12	"DELETE"
14/11/13	"DELETE"
14/11/14	"DELETE"
14/11/17	"DELETE"
14/11/22	"DELETE"
14/11/26	"DELETE"
14/11/27	"DELETE"
14/11/29	"DELETE"
14/11/34	"DELETE"
14/12/60	"DELETE"
14/12/66	"DELETE"
14/12/72	"DELETE"
14/12/97	"DELETE"
14/12/98	"DELETE"
14/12/03	"DELETE"
14/12/09	"DELETE"
14/12/10	"DELETE"
14/12/11	"DELETE"
14/12/12	"DELETE"
14/12/14	"DELETE"
14/12/16	"DELETE"
14/12/17	"DELETE"
14/12/20	"DELETE"
14/12/23	"DELETE"
14/12/31	"DELETE"
14/12/34	"DELETE"
14/12/37	"DELETE"
14/12/38	"DELETE"
15/01/62	"DELETE"
15/01/66	"DELETE"
15/01/68	"DELETE"
15/01/87	"DELETE"
15/01/96	"DELETE"
15/01/98	"DELETE"
15/01/99	"DELETE"
15/01/08	"DELETE"
15/01/09	"DELETE"
15/01/10	"DELETE"
15/01/11	"DELETE"
15/01/13	"DELETE"
15/01/14	"DELETE"
15/01/15	"DELETE"
15/01/17	"DELETE"
15/01/19	"DELETE"
15/01/20	"DELETE"
15/01/21	"DELETE"
15/01/25	"DELETE"
15/01/31	"DELETE"
15/01/32	"DELETE"
15/01/35	"DELETE"
15/01/37	"DELETE"
15/02/68	"DELETE"
15/02/71	"DELETE"
15/02/79	"DELETE"
15/02/94	"DELETE"
15/02/99	"DELETE"
15/02/02	"DELETE"
15/02/04	"DELETE"
15/02/05	"DELETE"
15/02/09	"DELETE"
15/02/12	"DELETE"
15/02/14	"DELETE"
15/02/16	"DELETE"
15/02/17	"DELETE"
15/02/18	"DELETE"
15/02/23	"DELETE"
15/02/24	"DELETE"
15/02/26	"DELETE"
15/02/35	"DELETE"
15/03/68	"DELETE"
15/03/69	"DELETE"
15/03/71	"DELETE"
15/03/73	"DELETE"
15/03/74	"DELETE"
15/03/76	"DELETE"
15/03/81	"DELETE"
15/03/90	"DELETE"
15/03/93	"DELETE"
15/03/95	"DELETE"
15/03/96	"DELETE"
15/03/97	"DELETE"
15/03/99	"DELETE"
15/03/02	"DELETE"
15/03/03	"DELETE"
15/03/06	"DELETE"
15/03/07	"DELETE"
15/03/08	"DELETE"
15/03/09	"DELETE"
15/03/10	"DELETE"
15/03/11	"DELETE"
15/03/13	"DELETE"
15/03/15	"DELETE"
15/03/16	"DELETE"
15/03/17	"DELETE"
15/03/21	"DELETE"
15/03/22	"DELETE"
15/03/26	"DELETE"
15/03/27	"DELETE"
15/03/29	"DELETE"
15/03/30	"DELETE"
15/03/39	"DELETE"
15/04/44	"DELETE"
15/04/62	"DELETE"
15/04/66	"DELETE"
15/04/82	"DELETE"
15/04/83	"DELETE"
15/04/92	"DELETE"
15/04/93	"DELETE"
15/04/96	"DELETE"
15/04/99	"DELETE"
15/04/03	"DELETE"
15/04/05	"DELETE"
15/04/09	"DELETE"
15/04/15	"DELETE"
15/04/16	"DELETE"
15/04/17	"DELETE"
15/04/18	"DELETE"
15/04/20	"DELETE"
15/04/21	"DELETE"
15/04/27	"DELETE"
15/04/29	"DELETE"
15/04/37	"DELETE"
15/05/93	"DELETE"
15/05/02	"DELETE"
15/05/09	"DELETE"
15/05/11	"DELETE"
15/05/13	"DELETE"
15/05/15	"DELETE"
15/05/16	"DELETE"
15/05/18	"DELETE"
15/05/20	"DELETE"
15/05/22	"DELETE"
15/05/36	"DELETE"
15/06/63	"DELETE"
15/06/80	"DELETE"
15/06/01	"DELETE"
15/06/18	"DELETE"
15/06/21	"DELETE"
15/07/81	"DELETE"
15/07/93	"DELETE"
15/08/90	"DELETE"
15/08/94	"DELETE"
15/08/00	"DELETE"
15/08/02	"DELETE"
15/08/03	"DELETE"
15/08/04	"DELETE"
15/08/06	"DELETE"
15/08/08	"DELETE"
15/08/10	"DELETE"
15/08/12	"DELETE"
15/08/17	"DELETE"
15/08/25	"DELETE"
15/08/30	"DELETE"
15/09/86	"DELETE"
15/09/94	"DELETE"
15/09/96	"DELETE"
15/09/00	"DELETE"
15/09/02	"DELETE"
15/09/06	"DELETE"
15/09/13	"DELETE"
15/09/14	"DELETE"
15/09/20	"DELETE"
15/09/23	"DELETE"
15/09/26	"DELETE"
15/09/33	"DELETE"
15/09/36	"DELETE"
15/09/39	"DELETE"
15/10/62	"DELETE"
15/10/65	"DELETE"
15/10/00	"DELETE"
15/10/02	"DELETE"
15/10/10	"DELETE"
15/10/12	"DELETE"
15/10/13	"DELETE"
15/10/19	"DELETE"
15/10/20	"DELETE"
15/10/24	"DELETE"
15/10/25	"DELETE"
15/10/26	"DELETE"
15/10/31	"DELETE"
15/10/35	"DELETE"
15/10/36	"DELETE"
15/10/40	"DELETE"
15/11/71	"DELETE"
15/11/73	"DELETE"
15/11/79	"DELETE"
15/11/89	"DELETE"
15/11/93	"DELETE"
15/11/99	"DELETE"
15/11/01	"DELETE"
15/11/02	"DELETE"
15/11/04	"DELETE"
15/11/05	"DELETE"
15/11/06	"DELETE"
15/11/07	"DELETE"
15/11/08	"DELETE"
15/11/10	"DELETE"
15/11/11	"DELETE"
15/11/12	"DELETE"
15/11/14	"DELETE"
15/11/16	"DELETE"
15/11/19	"DELETE"
15/11/26	"DELETE"
15/11/31	"DELETE"
15/11/32	"DELETE"
15/11/34	"DELETE"
15/11/35	"DELETE"
15/11/37	"DELETE"
15/12/72	"DELETE"
15/12/83	"DELETE"
15/12/95	"DELETE"
15/12/96	"DELETE"
15/12/07	"DELETE"
15/12/17	"DELETE"
15/12/18	"DELETE"
15/12/19	"DELETE"
15/12/21	"DELETE"
15/12/25	"DELETE"
15/12/27	"DELETE"
15/12/31	"DELETE"
15/12/35	"DELETE"
15/12/39	"DELETE"
16/01/63	"DELETE"
16/01/69	"DELETE"
16/01/71	"DELETE"
16/01/77	"DELETE"
16/01/86	"DELETE"
16/01/95	"DELETE"
16/01/97	"DELETE"
16/01/00	"DELETE"
16/01/02	"DELETE"
16/01/04	"DELETE"
16/01/07	"DELETE"
16/01/09	"DELETE"
16/01/10	"DELETE"
16/01/13	"DELETE"
16/01/14	"DELETE"
16/01/15	"DELETE"
16/01/18	"DELETE"
16/01/19	"DELETE"
16/01/25	"DELETE"
16/01/33	"DELETE"
16/01/34	"DELETE"
16/02/66	"DELETE"
16/02/95	"DELETE"
16/02/96	"DELETE"
16/02/01	"DELETE"
16/02/07	"DELETE"
16/02/08	"DELETE"
16/02/11	"DELETE"
16/02/13	"DELETE"
16/02/17	"DELETE"
16/02/18	"DELETE"
16/02/22	"DELETE"
16/02/24	"DELETE"
16/02/28	"DELETE"
16/02/37	"DELETE"
16/02/38	"DELETE"
16/03/63	"DELETE"
16/03/72	"DELETE"
16/03/78	"DELETE"
16/03/85	"DELETE"
16/03/93	"DELETE"
16/03/95	"DELETE"
16/03/99	"DELETE"
16/03/01	"DELETE"
16/03/04	"DELETE"
16/03/05	"DELETE"
16/03/07	"DELETE"
16/03/09	"DELETE"
16/03/10	"DELETE"
16/03/13	"DELETE"
16/03/16	"DELETE"
16/03/17	"DELETE"
16/03/18	"DELETE"
16/03/19	"DELETE"
16/03/20	"DELETE"
16/03/21	"DELETE"
16/03/22	"DELETE"
16/03/23	"DELETE"
16/03/24	"DELETE"
16/03/26	"DELETE"
16/03/32	"DELETE"
16/03/37	"DELETE"
16/03/38	"DELETE"
16/04/59	"DELETE"
16/04/66	"DELETE"
16/04/77	"DELETE"
16/04/87	"DELETE"
16/04/89	"DELETE"
16/04/92	"DELETE"
16/04/93	"DELETE"
16/04/97	"DELETE"
16/04/98	"DELETE"
16/04/01	"DELETE"
16/04/02	"DELETE"
16/04/10	"DELETE"
16/04/20	"DELETE"
16/04/21	"DELETE"
16/04/29	"DELETE"
16/04/35	"DELETE"
16/04/37	"DELETE"
16/04/40	"DELETE"
16/05/64	"DELETE"
16/05/96	"DELETE"
16/05/02	"DELETE"
16/05/08	"DELETE"
16/05/13	"DELETE"
16/05/22	"DELETE"
16/05/27	"DELETE"
16/05/29	"DELETE"
16/05/30	"DELETE"
16/05/33	"DELETE"
16/05/39	"DELETE"
16/06/52	"DELETE"
16/06/92	"DELETE"
16/06/10	"DELETE"
16/06/12	"DELETE"
16/06/19	"DELETE"
16/06/22	"DELETE"
16/07/80	"DELETE"
16/07/94	"DELETE"
16/08/61	"DELETE"
16/08/66	"DELETE"
16/08/75	"DELETE"
16/08/90	"DELETE"
16/08/93	"DELETE"
16/08/99	"DELETE"
16/08/02	"DELETE"
16/08/05	"DELETE"
16/08/11	"DELETE"
16/08/13	"DELETE"
16/08/22	"DELETE"
16/08/24	"DELETE"
16/09/69	"DELETE"
16/09/93	"DELETE"
16/09/99	"DELETE"
16/09/01	"DELETE"
16/09/03	"DELETE"
16/09/05	"DELETE"
16/09/07	"DELETE"
16/09/08	"DELETE"
16/09/11	"DELETE"
16/09/12	"DELETE"
16/09/22	"DELETE"
16/09/25	"DELETE"
16/09/27	"DELETE"
16/09/30	"DELETE"
16/09/32	"DELETE"
16/09/38	"DELETE"
16/10/72	"DELETE"
16/10/75	"DELETE"
16/10/99	"DELETE"
16/10/01	"DELETE"
16/10/04	"DELETE"
16/10/09	"DELETE"
16/10/12	"DELETE"
16/10/13	"DELETE"
16/10/16	"DELETE"
16/10/28	"DELETE"
16/10/33	"DELETE"
16/10/34	"DELETE"
16/10/35	"DELETE"
16/10/40	"DELETE"
16/11/69	"DELETE"
16/11/72	"DELETE"
16/11/85	"DELETE"
16/11/87	"DELETE"
16/11/88	"DELETE"
16/11/95	"DELETE"
16/11/97	"DELETE"
16/11/03	"DELETE"
16/11/04	"DELETE"
16/11/06	"DELETE"
16/11/12	"DELETE"
16/11/17	"DELETE"
16/11/21	"DELETE"
16/11/22	"DELETE"
16/11/23	"DELETE"
16/11/33	"DELETE"
16/12/61	"DELETE"
16/12/63	"DELETE"
16/12/66	"DELETE"
16/12/68	"DELETE"
16/12/71	"DELETE"
16/12/94	"DELETE"
16/12/96	"DELETE"
16/12/02	"DELETE"
16/12/03	"DELETE"
16/12/08	"DELETE"
16/12/09	"DELETE"
16/12/15	"DELETE"
16/12/20	"DELETE"
16/12/21	"DELETE"
16/12/25	"DELETE"
16/12/30	"DELETE"
16/12/36	"DELETE"
17/01/69	"DELETE"
17/01/76	"DELETE"
17/01/77	"DELETE"
17/01/85	"DELETE"
17/01/92	"DELETE"
17/01/99	"DELETE"
17/01/00	"DELETE"
17/01/03	"DELETE"
17/01/06	"DELETE"
17/01/07	"DELETE"
17/01/12	"DELETE"
17/01/15	"DELETE"
17/01/16	"DELETE"
17/01/20	"DELETE"
17/01/24	"DELETE"
17/01/28	"DELETE"
17/01/36	"DELETE"
17/02/64	"DELETE"
17/02/72	"DELETE"
17/02/77	"DELETE"
17/02/86	"DELETE"
17/02/97	"DELETE"
17/02/02	"DELETE"
17/02/03	"DELETE"
17/02/04	"DELETE"
17/02/06	"DELETE"
17/02/07	"DELETE"
17/02/11	"DELETE"
17/02/12	"DELETE"
17/02/15	"DELETE"
17/02/16	"DELETE"
17/02/17	"DELETE"
17/02/19	"DELETE"
17/02/20	"DELETE"
17/02/21	"DELETE"
17/02/22	"DELETE"
17/02/23	"DELETE"
17/02/26	"DELETE"
17/02/31	"DELETE"
17/02/38	"DELETE"
17/02/39	"DELETE"
17/03/62	"DELETE"
17/03/66	"DELETE"
17/03/69	"DELETE"
17/03/80	"DELETE"
17/03/81	"DELETE"
17/03/97	"DELETE"
17/03/00	"DELETE"
17/03/05	"DELETE"
17/03/06	"DELETE"
17/03/07	"DELETE"
17/03/08	"DELETE"
17/03/09	"DELETE"
17/03/11	"DELETE"
17/03/12	"DELETE"
17/03/13	"DELETE"
17/03/15	"DELETE"
17/03/17	"DELETE"
17/03/19	"DELETE"
17/03/20	"DELETE"
17/03/21	"DELETE"
17/03/22	"DELETE"
17/03/23	"DELETE"
17/03/24	"DELETE"
17/03/32	"DELETE"
17/03/36	"DELETE"
17/04/50	"DELETE"
17/04/69	"DELETE"
17/04/72	"DELETE"
17/04/75	"DELETE"
17/04/85	"DELETE"
17/04/93	"DELETE"
17/04/98	"DELETE"
17/04/03	"DELETE"
17/04/04	"DELETE"
17/04/07	"DELETE"
17/04/08	"DELETE"
17/04/10	"DELETE"
17/04/15	"DELETE"
17/04/16	"DELETE"
17/04/18	"DELETE"
17/04/20	"DELETE"
17/04/25	"DELETE"
17/05/90	"DELETE"
17/05/97	"DELETE"
17/05/01	"DELETE"
17/05/12	"DELETE"
17/05/19	"DELETE"
17/05/22	"DELETE"
17/05/34	"DELETE"
17/05/38	"DELETE"
17/06/67	"DELETE"
17/06/71	"DELETE"
17/06/84	"DELETE"
17/06/91	"DELETE"
17/06/05	"DELETE"
17/06/13	"DELETE"
17/06/28	"DELETE"
17/07/71	"DELETE"
17/07/73	"DELETE"
17/07/93	"DELETE"
17/08/89	"DELETE"
17/08/96	"DELETE"
17/08/01	"DELETE"
17/08/03	"DELETE"
17/08/04	"DELETE"
17/08/07	"DELETE"
17/08/08	"DELETE"
17/08/10	"DELETE"
17/08/12	"DELETE"
17/08/21	"DELETE"
17/08/28	"DELETE"
17/09/79	"DELETE"
17/09/94	"DELETE"
17/09/00	"DELETE"
17/09/02	"DELETE"
17/09/04	"DELETE"
17/09/10	"DELETE"
17/09/13	"DELETE"
17/09/19	"DELETE"
17/09/21	"DELETE"
17/09/24	"DELETE"
17/09/26	"DELETE"
17/09/32	"DELETE"
17/09/35	"DELETE"
17/10/68	"DELETE"
17/10/88	"DELETE"
17/10/98	"DELETE"
17/10/03	"DELETE"
17/10/14	"DELETE"
17/10/18	"DELETE"
17/10/21	"DELETE"
17/10/23	"DELETE"
17/10/32	"DELETE"
17/10/35	"DELETE"
17/11/62	"DELETE"
17/11/67	"DELETE"
17/11/80	"DELETE"
17/11/97	"DELETE"
17/11/98	"DELETE"
17/11/02	"DELETE"
17/11/07	"DELETE"
17/11/09	"DELETE"
17/11/10	"DELETE"
17/11/11	"DELETE"
17/11/12	"DELETE"
17/11/13	"DELETE"
17/11/15	"DELETE"
17/11/17	"DELETE"
17/11/18	"DELETE"
17/11/19	"DELETE"
17/11/20	"DELETE"
17/11/23	"DELETE"
17/11/24	"DELETE"
17/11/27	"DELETE"
17/11/28	"DELETE"
17/11/30	"DELETE"
17/11/32	"DELETE"
17/11/35	"DELETE"
17/11/37	"DELETE"
17/11/40	"DELETE"
17/12/70	"DELETE"
17/12/73	"DELETE"
17/12/75	"DELETE"
17/12/95	"DELETE"
17/12/01	"DELETE"
17/12/03	"DELETE"
17/12/05	"DELETE"
17/12/08	"DELETE"
17/12/09	"DELETE"
17/12/10	"DELETE"
17/12/11	"DELETE"
17/12/13	"DELETE"
17/12/14	"DELETE"
17/12/15	"DELETE"
17/12/16	"DELETE"
17/12/18	"DELETE"
17/12/20	"DELETE"
17/12/22	"DELETE"
17/12/24	"DELETE"
17/12/26	"DELETE"
17/12/31	"DELETE"
17/12/40	"DELETE"
18/01/65	"DELETE"
18/01/73	"DELETE"
18/01/85	"DELETE"
18/01/93	"DELETE"
18/01/98	"DELETE"
18/01/04	"DELETE"
18/01/05	"DELETE"
18/01/06	"DELETE"
18/01/07	"DELETE"
18/01/08	"DELETE"
18/01/09	"DELETE"
18/01/11	"DELETE"
18/01/12	"DELETE"
18/01/17	"DELETE"
18/01/23	"DELETE"
18/01/24	"DELETE"
18/01/33	"DELETE"
18/01/34	"DELETE"
18/01/38	"DELETE"
18/02/59	"DELETE"
18/02/67	"DELETE"
18/02/86	"DELETE"
18/02/94	"DELETE"
18/02/99	"DELETE"
18/02/04	"DELETE"
18/02/06	"DELETE"
18/02/11	"DELETE"
18/02/12	"DELETE"
18/02/13	"DELETE"
18/02/16	"DELETE"
18/02/18	"DELETE"
18/02/20	"DELETE"
18/02/21	"DELETE"
18/02/22	"DELETE"
18/02/25	"DELETE"
18/02/37	"DELETE"
18/02/40	"DELETE"
18/03/61	"DELETE"
18/03/68	"DELETE"
18/03/76	"DELETE"
18/03/80	"DELETE"
18/03/86	"DELETE"
18/03/93	"DELETE"
18/03/94	"DELETE"
18/03/96	"DELETE"
18/03/99	"DELETE"
18/03/06	"DELETE"
18/03/07	"DELETE"
18/03/08	"DELETE"
18/03/09	"DELETE"
18/03/11	"DELETE"
18/03/14	"DELETE"
18/03/15	"DELETE"
18/03/20	"DELETE"
18/03/21	"DELETE"
18/03/23	"DELETE"
18/03/25	"DELETE"
18/03/27	"DELETE"
18/03/35	"DELETE"
18/03/37	"DELETE"
18/04/68	"DELETE"
18/04/71	"DELETE"
18/04/88	"DELETE"
18/04/90	"DELETE"
18/04/91	"DELETE"
18/04/94	"DELETE"
18/04/96	"DELETE"
18/04/03	"DELETE"
18/04/05	"DELETE"
18/04/16	"DELETE"
18/04/21	"DELETE"
18/04/23	"DELETE"
18/04/24	"DELETE"
18/05/35	"DELETE"
18/05/78	"DELETE"
18/05/86	"DELETE"
18/05/94	"DELETE"
18/05/01	"DELETE"
18/05/07	"DELETE"
18/05/36	"DELETE"
18/06/79	"DELETE"
18/06/09	"DELETE"
18/06/11	"DELETE"
18/07/94	"DELETE"
18/07/95	"DELETE"
18/08/64	"DELETE"
18/08/75	"DELETE"
18/08/94	"DELETE"
18/08/00	"DELETE"
18/08/06	"DELETE"
18/08/13	"DELETE"
18/08/20	"DELETE"
18/08/26	"DELETE"
18/08/36	"DELETE"
18/08/39	"DELETE"
18/09/73	"DELETE"
18/09/93	"DELETE"
18/09/94	"DELETE"
18/09/97	"DELETE"
18/09/99	"DELETE"
18/09/01	"DELETE"
18/09/05	"DELETE"
18/09/07	"DELETE"
18/09/11	"DELETE"
18/09/12	"DELETE"
18/09/18	"DELETE"
18/09/26	"DELETE"
18/09/28	"DELETE"
18/09/29	"DELETE"
18/09/34	"DELETE"
18/09/36	"DELETE"
18/10/68	"DELETE"
18/10/84	"DELETE"
18/10/90	"DELETE"
18/10/99	"DELETE"
18/10/13	"DELETE"
18/10/15	"DELETE"
18/10/18	"DELETE"
18/10/22	"DELETE"
18/10/23	"DELETE"
18/10/29	"DELETE"
18/10/38	"DELETE"
18/11/67	"DELETE"
18/11/68	"DELETE"
18/11/75	"DELETE"
18/11/84	"DELETE"
18/11/01	"DELETE"
18/11/03	"DELETE"
18/11/06	"DELETE"
18/11/08	"DELETE"
18/11/09	"DELETE"
18/11/10	"DELETE"
18/11/11	"DELETE"
18/11/14	"DELETE"
18/11/15	"DELETE"
18/11/18	"DELETE"
18/11/20	"DELETE"
18/11/22	"DELETE"
18/11/25	"DELETE"
18/11/26	"DELETE"
18/11/30	"DELETE"
18/12/61	"DELETE"
18/12/69	"DELETE"
18/12/70	"DELETE"
18/12/71	"DELETE"
18/12/76	"DELETE"
18/12/90	"DELETE"
18/12/95	"DELETE"
18/12/05	"DELETE"
18/12/07	"DELETE"
18/12/10	"DELETE"
18/12/15	"DELETE"
18/12/18	"DELETE"
18/12/24	"DELETE"
19/01/63	"DELETE"
19/01/67	"DELETE"
19/01/71	"DELETE"
19/01/72	"DELETE"
19/01/76	"DELETE"
19/01/95	"DELETE"
19/01/97	"DELETE"
19/01/00	"DELETE"
19/01/07	"DELETE"
19/01/13	"DELETE"
19/01/21	"DELETE"
19/01/22	"DELETE"
19/01/23	"DELETE"
19/01/25	"DELETE"
19/01/28	"DELETE"
19/01/32	"DELETE"
19/02/70	"DELETE"
19/02/73	"DELETE"
19/02/76	"DELETE"
19/02/91	"DELETE"
19/02/93	"DELETE"
19/02/96	"DELETE"
19/02/99	"DELETE"
19/02/02	"DELETE"
19/02/03	"DELETE"
19/02/07	"DELETE"
19/02/08	"DELETE"
19/02/13	"DELETE"
19/02/19	"DELETE"
19/02/20	"DELETE"
19/02/24	"DELETE"
19/02/25	"DELETE"
19/02/26	"DELETE"
19/02/29	"DELETE"
19/02/30	"DELETE"
19/02/31	"DELETE"
19/02/37	"DELETE"
19/02/38	"DELETE"
19/03/61	"DELETE"
19/03/73	"DELETE"
19/03/79	"DELETE"
19/03/94	"DELETE"
19/03/03	"DELETE"
19/03/05	"DELETE"
19/03/08	"DELETE"
19/03/11	"DELETE"
19/03/13	"DELETE"
19/03/14	"DELETE"
19/03/16	"DELETE"
19/03/18	"DELETE"
19/03/20	"DELETE"
19/03/24	"DELETE"
19/03/25	"DELETE"
19/03/28	"DELETE"
19/03/31	"DELETE"
19/03/33	"DELETE"
19/03/34	"DELETE"
19/03/37	"DELETE"
19/04/52	"DELETE"
19/04/65	"DELETE"
19/04/71	"DELETE"
19/04/76	"DELETE"
19/04/79	"DELETE"
19/04/82	"DELETE"
19/04/84	"DELETE"
19/04/86	"DELETE"
19/04/94	"DELETE"
19/04/01	"DELETE"
19/04/02	"DELETE"
19/04/10	"DELETE"
19/04/13	"DELETE"
19/04/14	"DELETE"
19/04/15	"DELETE"
19/04/18	"DELETE"
19/04/22	"DELETE"
19/04/32	"DELETE"
19/04/34	"DELETE"
19/05/97	"DELETE"
19/05/00	"DELETE"
19/05/09	"DELETE"
19/05/19	"DELETE"
19/05/27	"DELETE"
19/05/33	"DELETE"
19/05/38	"DELETE"
19/06/73	"DELETE"
19/06/91	"DELETE"
19/07/93	"DELETE"
19/07/96	"DELETE"
19/08/75	"DELETE"
19/08/80	"DELETE"
19/08/93	"DELETE"
19/08/99	"DELETE"
19/08/01	"DELETE"
19/08/03	"DELETE"
19/08/05	"DELETE"
19/08/07	"DELETE"
19/08/08	"DELETE"
19/08/11	"DELETE"
19/08/12	"DELETE"
19/08/22	"DELETE"
19/08/25	"DELETE"
19/08/30	"DELETE"
19/08/38	"DELETE"
19/09/91	"DELETE"
19/09/94	"DELETE"
19/09/00	"DELETE"
19/09/03	"DELETE"
19/09/04	"DELETE"
19/09/06	"DELETE"
19/09/08	"DELETE"
19/09/10	"DELETE"
19/09/14	"DELETE"
19/09/17	"DELETE"
19/09/22	"DELETE"
19/09/25	"DELETE"
19/09/30	"DELETE"
19/09/33	"DELETE"
19/10/70	"DELETE"
19/10/75	"DELETE"
19/10/03	"DELETE"
19/10/05	"DELETE"
19/10/06	"DELETE"
19/10/07	"DELETE"
19/10/08	"DELETE"
19/10/12	"DELETE"
19/10/17	"DELETE"
19/10/21	"DELETE"
19/10/23	"DELETE"
19/10/25	"DELETE"
19/10/26	"DELETE"
19/10/28	"DELETE"
19/10/36	"DELETE"
19/10/37	"DELETE"
19/11/62	"DELETE"
19/11/67	"DELETE"
19/11/68	"DELETE"
19/11/70	"DELETE"
19/11/79	"DELETE"
19/11/90	"DELETE"
19/11/93	"DELETE"
19/11/00	"DELETE"
19/11/01	"DELETE"
19/11/02	"DELETE"
19/11/03	"DELETE"
19/11/08	"DELETE"
19/11/11	"DELETE"
19/11/12	"DELETE"
19/11/13	"DELETE"
19/11/15	"DELETE"
19/11/16	"DELETE"
19/11/20	"DELETE"
19/11/21	"DELETE"
19/11/25	"DELETE"
19/11/30	"DELETE"
19/11/31	"DELETE"
19/11/37	"DELETE"
19/11/40	"DELETE"
19/12/62	"DELETE"
19/12/68	"DELETE"
19/12/70	"DELETE"
19/12/80	"DELETE"
19/12/94	"DELETE"
19/12/05	"DELETE"
19/12/06	"DELETE"
19/12/09	"DELETE"
19/12/12	"DELETE"
19/12/15	"DELETE"
19/12/19	"DELETE"
19/12/20	"DELETE"
19/12/27	"DELETE"
19/12/28	"DELETE"
19/12/32	"DELETE"
20/01/67	"DELETE"
20/01/75	"DELETE"
20/01/77	"DELETE"
20/01/81	"DELETE"
20/01/84	"DELETE"
20/01/92	"DELETE"
20/01/00	"DELETE"
20/01/03	"DELETE"
20/01/06	"DELETE"
20/01/11	"DELETE"
20/01/14	"DELETE"
20/01/16	"DELETE"
20/01/17	"DELETE"
20/01/19	"DELETE"
20/01/20	"DELETE"
20/01/21	"DELETE"
20/01/23	"DELETE"
20/01/26	"DELETE"
20/01/31	"DELETE"
20/01/38	"DELETE"
20/02/68	"DELETE"
20/02/75	"DELETE"
20/02/83	"DELETE"
20/02/84	"DELETE"
20/02/89	"DELETE"
20/02/01	"DELETE"
20/02/02	"DELETE"
20/02/03	"DELETE"
20/02/06	"DELETE"
20/02/07	"DELETE"
20/02/11	"DELETE"
20/02/13	"DELETE"
20/02/18	"DELETE"
20/02/20	"DELETE"
20/02/25	"DELETE"
20/02/34	"DELETE"
20/02/35	"DELETE"
20/02/36	"DELETE"
20/02/37	"DELETE"
20/03/65	"DELETE"
20/03/69	"DELETE"
20/03/72	"DELETE"
20/03/75	"DELETE"
20/03/93	"DELETE"
20/03/94	"DELETE"
20/03/95	"DELETE"
20/03/98	"DELETE"
20/03/06	"DELETE"
20/03/07	"DELETE"
20/03/12	"DELETE"
20/03/16	"DELETE"
20/03/17	"DELETE"
20/03/19	"DELETE"
20/03/25	"DELETE"
20/03/26	"DELETE"
20/03/31	"DELETE"
20/03/34	"DELETE"
20/03/37	"DELETE"
20/04/64	"DELETE"
20/04/71	"DELETE"
20/04/81	"DELETE"
20/04/84	"DELETE"
20/04/89	"DELETE"
20/04/91	"DELETE"
20/04/95	"DELETE"
20/04/01	"DELETE"
20/04/07	"DELETE"
20/04/09	"DELETE"
20/04/12	"DELETE"
20/04/15	"DELETE"
20/04/21	"DELETE"
20/04/23	"DELETE"
20/04/25	"DELETE"
20/04/37	"DELETE"
20/05/80	"DELETE"
20/05/84	"DELETE"
20/05/19	"DELETE"
20/05/21	"DELETE"
20/05/33	"DELETE"
20/05/36	"DELETE"
20/05/37	"DELETE"
20/06/72	"DELETE"
20/06/93	"DELETE"
20/06/12	"DELETE"
20/06/18	"DELETE"
20/08/74	"DELETE"
20/08/80	"DELETE"
20/08/94	"DELETE"
20/08/98	"DELETE"
20/08/00	"DELETE"
20/08/02	"DELETE"
20/08/04	"DELETE"
20/08/10	"DELETE"
20/08/13	"DELETE"
20/08/19	"DELETE"
20/08/24	"DELETE"
20/09/54	"DELETE"
20/09/93	"DELETE"
20/09/99	"DELETE"
20/09/00	"DELETE"
20/09/02	"DELETE"
20/09/05	"DELETE"
20/09/11	"DELETE"
20/09/13	"DELETE"
20/09/18	"DELETE"
20/09/22	"DELETE"
20/09/24	"DELETE"
20/09/26	"DELETE"
20/09/27	"DELETE"
20/09/32	"DELETE"
20/09/35	"DELETE"
20/09/38	"DELETE"
20/10/66	"DELETE"
20/10/83	"DELETE"
20/10/02	"DELETE"
20/10/03	"DELETE"
20/10/15	"DELETE"
20/10/16	"DELETE"
20/10/17	"DELETE"
20/10/19	"DELETE"
20/10/20	"DELETE"
20/10/21	"DELETE"
20/10/23	"DELETE"
20/10/26	"DELETE"
20/10/31	"DELETE"
20/10/33	"DELETE"
20/10/36	"DELETE"
20/10/38	"DELETE"
20/11/61	"DELETE"
20/11/71	"DELETE"
20/11/75	"DELETE"
20/11/98	"DELETE"
20/11/99	"DELETE"
20/11/00	"DELETE"
20/11/01	"DELETE"
20/11/06	"DELETE"
20/11/07	"DELETE"
20/11/08	"DELETE"
20/11/10	"DELETE"
20/11/12	"DELETE"
20/11/13	"DELETE"
20/11/20	"DELETE"
20/11/24	"DELETE"
20/11/25	"DELETE"
20/11/31	"DELETE"
20/11/36	"DELETE"
20/12/54	"DELETE"
20/12/74	"DELETE"
20/12/85	"DELETE"
20/12/90	"DELETE"
20/12/99	"DELETE"
20/12/00	"DELETE"
20/12/07	"DELETE"
20/12/08	"DELETE"
20/12/10	"DELETE"
20/12/11	"DELETE"
20/12/12	"DELETE"
20/12/14	"DELETE"
20/12/15	"DELETE"
20/12/17	"DELETE"
20/12/23	"DELETE"
20/12/32	"DELETE"
20/12/35	"DELETE"
20/12/37	"DELETE"
21/01/65	"DELETE"
21/01/81	"DELETE"
21/01/82	"DELETE"
21/01/91	"DELETE"
21/01/99	"DELETE"
21/01/00	"DELETE"
21/01/03	"DELETE"
21/01/06	"DELETE"
21/01/07	"DELETE"
21/01/11	"DELETE"
21/01/15	"DELETE"
21/01/16	"DELETE"
21/01/20	"DELETE"
21/01/21	"DELETE"
21/01/25	"DELETE"
21/01/26	"DELETE"
21/01/31	"DELETE"
21/01/32	"DELETE"
21/01/35	"DELETE"
21/01/36	"DELETE"
21/01/37	"DELETE"
21/02/66	"DELETE"
21/02/69	"DELETE"
21/02/77	"DELETE"
21/02/80	"DELETE"
21/02/85	"DELETE"
21/02/94	"DELETE"
21/02/95	"DELETE"
21/02/00	"DELETE"
21/02/08	"DELETE"
21/02/09	"DELETE"
21/02/12	"DELETE"
21/02/15	"DELETE"
21/02/17	"DELETE"
21/02/18	"DELETE"
21/02/19	"DELETE"
21/02/20	"DELETE"
21/02/22	"DELETE"
21/02/24	"DELETE"
21/03/51	"DELETE"
21/03/59	"DELETE"
21/03/60	"DELETE"
21/03/63	"DELETE"
21/03/64	"DELETE"
21/03/66	"DELETE"
21/03/74	"DELETE"
21/03/77	"DELETE"
21/03/80	"DELETE"
21/03/81	"DELETE"
21/03/88	"DELETE"
21/03/93	"DELETE"
21/03/00	"DELETE"
21/03/05	"DELETE"
21/03/06	"DELETE"
21/03/07	"DELETE"
21/03/08	"DELETE"
21/03/09	"DELETE"
21/03/10	"DELETE"
21/03/12	"DELETE"
21/03/13	"DELETE"
21/03/14	"DELETE"
21/03/18	"DELETE"
21/03/19	"DELETE"
21/03/30	"DELETE"
21/03/39	"DELETE"
21/04/35	"DELETE"
21/04/36	"DELETE"
21/04/62	"DELETE"
21/04/66	"DELETE"
21/04/70	"DELETE"
21/04/82	"DELETE"
21/04/83	"DELETE"
21/04/97	"DELETE"
21/04/98	"DELETE"
21/04/04	"DELETE"
21/04/05	"DELETE"
21/04/07	"DELETE"
21/04/13	"DELETE"
21/04/16	"DELETE"
21/04/20	"DELETE"
21/04/22	"DELETE"
21/04/28	"DELETE"
21/04/32	"DELETE"
21/04/36	"DELETE"
21/04/37	"DELETE"
21/05/65	"DELETE"
21/05/70	"DELETE"
21/05/83	"DELETE"
21/05/91	"DELETE"
21/05/94	"DELETE"
21/05/04	"DELETE"
21/05/06	"DELETE"
21/05/07	"DELETE"
21/05/08	"DELETE"
21/05/10	"DELETE"
21/05/17	"DELETE"
21/05/19	"DELETE"
21/05/27	"DELETE"
21/05/28	"DELETE"
21/05/40	"DELETE"
21/06/75	"DELETE"
21/06/90	"DELETE"
21/06/96	"DELETE"
21/06/99	"DELETE"
21/06/01	"DELETE"
21/06/11	"DELETE"
21/06/19	"DELETE"
21/06/21	"DELETE"
21/07/75	"DELETE"
21/07/94	"DELETE"
21/08/75	"DELETE"
21/08/79	"DELETE"
21/08/93	"DELETE"
21/08/94	"DELETE"
21/08/99	"DELETE"
21/08/01	"DELETE"
21/08/05	"DELETE"
21/08/07	"DELETE"
21/08/11	"DELETE"
21/08/18	"DELETE"
21/08/26	"DELETE"
21/08/28	"DELETE"
21/08/36	"DELETE"
21/09/72	"DELETE"
21/09/83	"DELETE"
21/09/86	"DELETE"
21/09/96	"DELETE"
21/09/01	"DELETE"
21/09/03	"DELETE"
21/09/04	"DELETE"
21/09/07	"DELETE"
21/09/08	"DELETE"
21/09/10	"DELETE"
21/09/12	"DELETE"
21/09/18	"DELETE"
21/09/21	"DELETE"
21/09/22	"DELETE"
21/09/28	"DELETE"
21/10/63	"DELETE"
21/10/72	"DELETE"
21/10/85	"DELETE"
21/10/97	"DELETE"
21/10/01	"DELETE"
21/10/03	"DELETE"
21/10/06	"DELETE"
21/10/09	"DELETE"
21/10/18	"DELETE"
21/10/26	"DELETE"
21/10/29	"DELETE"
21/10/30	"DELETE"
21/10/32	"DELETE"
21/10/33	"DELETE"
21/11/66	"DELETE"
21/11/69	"DELETE"
21/11/86	"DELETE"
21/11/94	"DELETE"
21/11/95	"DELETE"
21/11/96	"DELETE"
21/11/99	"DELETE"
21/11/00	"DELETE"
21/11/01	"DELETE"
21/11/04	"DELETE"
21/11/05	"DELETE"
21/11/06	"DELETE"
21/11/07	"DELETE"
21/11/17	"DELETE"
21/11/27	"DELETE"
21/11/36	"DELETE"
21/11/39	"DELETE"
21/12/60	"DELETE"
21/12/90	"DELETE"
21/12/93	"DELETE"
21/12/98	"DELETE"
21/12/00	"DELETE"
21/12/03	"DELETE"
21/12/04	"DELETE"
21/12/13	"DELETE"
21/12/18	"DELETE"
21/12/22	"DELETE"
21/12/23	"DELETE"
21/12/24	"DELETE"
21/12/33	"DELETE"
22/01/64	"DELETE"
22/01/04	"DELETE"
22/01/06	"DELETE"
22/01/07	"DELETE"
22/01/08	"DELETE"
22/01/09	"DELETE"
22/01/12	"DELETE"
22/01/14	"DELETE"
22/01/15	"DELETE"
22/01/16	"DELETE"
22/01/20	"DELETE"
22/01/24	"DELETE"
22/01/32	"DELETE"
22/02/36	"DELETE"
22/02/68	"DELETE"
22/02/71	"DELETE"
22/02/74	"DELETE"
22/02/90	"DELETE"
22/02/97	"DELETE"
22/02/02	"DELETE"
22/02/07	"DELETE"
22/02/10	"DELETE"
22/02/17	"DELETE"
22/02/18	"DELETE"
22/02/22	"DELETE"
22/02/24	"DELETE"
22/02/26	"DELETE"
22/02/29	"DELETE"
22/02/37	"DELETE"
22/02/40	"DELETE"
22/03/65	"DELETE"
22/03/69	"DELETE"
22/03/76	"DELETE"
22/03/79	"DELETE"
22/03/85	"DELETE"
22/03/93	"DELETE"
22/03/98	"DELETE"
22/03/07	"DELETE"
22/03/11	"DELETE"
22/03/14	"DELETE"
22/03/15	"DELETE"
22/03/16	"DELETE"
22/03/17	"DELETE"
22/03/18	"DELETE"
22/03/20	"DELETE"
22/03/27	"DELETE"
22/03/37	"DELETE"
22/03/38	"DELETE"
22/04/71	"DELETE"
22/04/76	"DELETE"
22/04/78	"DELETE"
22/04/82	"DELETE"
22/04/92	"DELETE"
22/04/95	"DELETE"
22/04/99	"DELETE"
22/04/06	"DELETE"
22/04/07	"DELETE"
22/04/09	"DELETE"
22/04/13	"DELETE"
22/04/18	"DELETE"
22/04/20	"DELETE"
22/04/26	"DELETE"
22/04/40	"DELETE"
22/05/91	"DELETE"
22/05/09	"DELETE"
22/05/13	"DELETE"
22/05/19	"DELETE"
22/05/30	"DELETE"
22/06/61	"DELETE"
22/06/98	"DELETE"
22/06/01	"DELETE"
22/06/17	"DELETE"
22/06/20	"DELETE"
22/07/75	"DELETE"
22/07/81	"DELETE"
22/07/93	"DELETE"
22/08/67	"DELETE"
22/08/94	"DELETE"
22/08/96	"DELETE"
22/08/00	"DELETE"
22/08/03	"DELETE"
22/08/04	"DELETE"
22/08/06	"DELETE"
22/08/08	"DELETE"
22/08/10	"DELETE"
22/08/12	"DELETE"
22/08/17	"DELETE"
22/08/25	"DELETE"
22/08/30	"DELETE"
22/09/60	"DELETE"
22/09/68	"DELETE"
22/09/86	"DELETE"
22/09/94	"DELETE"
22/09/98	"DELETE"
22/09/00	"DELETE"
22/09/02	"DELETE"
22/09/06	"DELETE"
22/09/13	"DELETE"
22/09/15	"DELETE"
22/09/17	"DELETE"
22/09/20	"DELETE"
22/09/26	"DELETE"
22/09/33	"DELETE"
22/09/36	"DELETE"
22/09/39	"DELETE"
22/10/92	"DELETE"
22/10/93	"DELETE"
22/10/97	"DELETE"
22/10/98	"DELETE"
22/10/00	"DELETE"
22/10/01	"DELETE"
22/10/03	"DELETE"
22/10/05	"DELETE"
22/10/08	"DELETE"
22/10/09	"DELETE"
22/10/11	"DELETE"
22/10/12	"DELETE"
22/10/16	"DELETE"
22/10/17	"DELETE"
22/10/20	"DELETE"
22/10/21	"DELETE"
22/10/24	"DELETE"
22/10/25	"DELETE"
22/10/26	"DELETE"
22/10/28	"DELETE"
22/10/30	"DELETE"
22/10/34	"DELETE"
22/10/37	"DELETE"
22/11/68	"DELETE"
22/11/69	"DELETE"
22/11/71	"DELETE"
22/11/74	"DELETE"
22/11/76	"DELETE"
22/11/80	"DELETE"
22/11/84	"DELETE"
22/11/90	"DELETE"
22/11/91	"DELETE"
22/11/94	"DELETE"
22/11/96	"DELETE"
22/11/03	"DELETE"
22/11/06	"DELETE"
22/11/07	"DELETE"
22/11/08	"DELETE"
22/11/09	"DELETE"
22/11/11	"DELETE"
22/11/12	"DELETE"
22/11/14	"DELETE"
22/11/21	"DELETE"
22/11/23	"DELETE"
22/11/27	"DELETE"
22/11/28	"DELETE"
22/11/29	"DELETE"
22/11/36	"DELETE"
22/11/38	"DELETE"
22/11/39	"DELETE"
22/12/68	"DELETE"
22/12/04	"DELETE"
22/12/11	"DELETE"
22/12/14	"DELETE"
22/12/22	"DELETE"
22/12/31	"DELETE"
22/12/37	"DELETE"
23/01/65	"DELETE"
23/01/67	"DELETE"
23/01/75	"DELETE"
23/01/81	"DELETE"
23/01/91	"DELETE"
23/01/92	"DELETE"
23/01/94	"DELETE"
23/01/00	"DELETE"
23/01/05	"DELETE"
23/01/10	"DELETE"
23/01/11	"DELETE"
23/01/19	"DELETE"
23/01/20	"DELETE"
23/01/23	"DELETE"
23/01/25	"DELETE"
23/01/30	"DELETE"
23/01/32	"DELETE"
23/01/36	"DELETE"
23/02/59	"DELETE"
23/02/70	"DELETE"
23/02/80	"DELETE"
23/02/81	"DELETE"
23/02/84	"DELETE"
23/02/93	"DELETE"
23/02/02	"DELETE"
23/02/04	"DELETE"
23/02/05	"DELETE"
23/02/08	"DELETE"
23/02/10	"DELETE"
23/02/12	"DELETE"
23/02/13	"DELETE"
23/02/17	"DELETE"
23/02/20	"DELETE"
23/02/22	"DELETE"
23/02/25	"DELETE"
23/02/26	"DELETE"
23/02/31	"DELETE"
23/02/40	"DELETE"
23/03/57	"DELETE"
23/03/67	"DELETE"
23/03/72	"DELETE"
23/03/73	"DELETE"
23/03/78	"DELETE"
23/03/84	"DELETE"
23/03/94	"DELETE"
23/03/99	"DELETE"
23/03/03	"DELETE"
23/03/04	"DELETE"
23/03/07	"DELETE"
23/03/08	"DELETE"
23/03/09	"DELETE"
23/03/10	"DELETE"
23/03/11	"DELETE"
23/03/14	"DELETE"
23/03/16	"DELETE"
23/03/17	"DELETE"
23/03/20	"DELETE"
23/03/22	"DELETE"
23/03/23	"DELETE"
23/03/26	"DELETE"
23/03/39	"DELETE"
23/04/86	"DELETE"
23/04/88	"DELETE"
23/04/00	"DELETE"
23/04/02	"DELETE"
23/04/03	"DELETE"
23/04/04	"DELETE"
23/04/06	"DELETE"
23/04/07	"DELETE"
23/04/08	"DELETE"
23/04/10	"DELETE"
23/04/14	"DELETE"
23/04/20	"DELETE"
23/04/21	"DELETE"
23/05/64	"DELETE"
23/05/99	"DELETE"
23/05/08	"DELETE"
23/05/09	"DELETE"
23/05/12	"DELETE"
23/05/22	"DELETE"
23/05/39	"DELETE"
23/06/95	"DELETE"
23/06/96	"DELETE"
23/07/92	"DELETE"
23/07/94	"DELETE"
23/08/93	"DELETE"
23/08/94	"DELETE"
23/08/99	"DELETE"
23/08/02	"DELETE"
23/08/05	"DELETE"
23/08/10	"DELETE"
23/08/11	"DELETE"
23/08/13	"DELETE"
23/08/22	"DELETE"
23/08/24	"DELETE"
23/09/63	"DELETE"
23/09/65	"DELETE"
23/09/79	"DELETE"
23/09/93	"DELETE"
23/09/99	"DELETE"
23/09/01	"DELETE"
23/09/03	"DELETE"
23/09/05	"DELETE"
23/09/07	"DELETE"
23/09/11	"DELETE"
23/09/12	"DELETE"
23/09/22	"DELETE"
23/09/25	"DELETE"
23/09/26	"DELETE"
23/09/27	"DELETE"
23/09/30	"DELETE"
23/09/32	"DELETE"
23/09/38	"DELETE"
23/10/86	"DELETE"
23/10/92	"DELETE"
23/10/97	"DELETE"
23/10/99	"DELETE"
23/10/01	"DELETE"
23/10/07	"DELETE"
23/10/10	"DELETE"
23/10/11	"DELETE"
23/10/12	"DELETE"
23/10/13	"DELETE"
23/10/18	"DELETE"
23/10/19	"DELETE"
23/10/20	"DELETE"
23/10/22	"DELETE"
23/10/23	"DELETE"
23/10/28	"DELETE"
23/10/31	"DELETE"
23/10/35	"DELETE"
23/10/36	"DELETE"
23/10/39	"DELETE"
23/11/64	"DELETE"
23/11/67	"DELETE"
23/11/72	"DELETE"
23/11/87	"DELETE"
23/11/89	"DELETE"
23/11/90	"DELETE"
23/11/92	"DELETE"
23/11/97	"DELETE"
23/11/98	"DELETE"
23/11/03	"DELETE"
23/11/06	"DELETE"
23/11/10	"DELETE"
23/11/11	"DELETE"
23/11/16	"DELETE"
23/11/17	"DELETE"
23/11/22	"DELETE"
23/11/23	"DELETE"
23/11/27	"DELETE"
23/11/30	"DELETE"
23/11/31	"DELETE"
23/11/33	"DELETE"
23/11/34	"DELETE"
23/11/38	"DELETE"
23/12/61	"DELETE"
23/12/68	"DELETE"
23/12/71	"DELETE"
23/12/86	"DELETE"
23/12/94	"DELETE"
23/12/03	"DELETE"
23/12/16	"DELETE"
23/12/19	"DELETE"
23/12/20	"DELETE"
24/01/72	"DELETE"
24/01/74	"DELETE"
24/01/77	"DELETE"
24/01/80	"DELETE"
24/01/94	"DELETE"
24/01/97	"DELETE"
24/01/00	"DELETE"
24/01/01	"DELETE"
24/01/05	"DELETE"
24/01/06	"DELETE"
24/01/07	"DELETE"
24/01/09	"DELETE"
24/01/10	"DELETE"
24/01/12	"DELETE"
24/01/13	"DELETE"
24/01/14	"DELETE"
24/01/18	"DELETE"
24/01/21	"DELETE"
24/01/33	"DELETE"
24/02/64	"DELETE"
24/02/66	"DELETE"
24/02/69	"DELETE"
24/02/83	"DELETE"
24/02/84	"DELETE"
24/02/92	"DELETE"
24/02/94	"DELETE"
24/02/97	"DELETE"
24/02/99	"DELETE"
24/02/05	"DELETE"
24/02/06	"DELETE"
24/02/07	"DELETE"
24/02/09	"DELETE"
24/02/10	"DELETE"
24/02/11	"DELETE"
24/02/12	"DELETE"
24/02/17	"DELETE"
24/02/18	"DELETE"
24/02/21	"DELETE"
24/02/22	"DELETE"
24/02/26	"DELETE"
24/02/28	"DELETE"
24/02/32	"DELETE"
24/03/60	"DELETE"
24/03/66	"DELETE"
24/03/72	"DELETE"
24/03/86	"DELETE"
24/03/90	"DELETE"
24/03/91	"DELETE"
24/03/92	"DELETE"
24/03/96	"DELETE"
24/03/98	"DELETE"
24/03/01	"DELETE"
24/03/02	"DELETE"
24/03/04	"DELETE"
24/03/05	"DELETE"
24/03/09	"DELETE"
24/03/14	"DELETE"
24/03/17	"DELETE"
24/03/19	"DELETE"
24/03/20	"DELETE"
24/03/22	"DELETE"
24/03/23	"DELETE"
24/03/24	"DELETE"
24/03/27	"DELETE"
24/03/36	"DELETE"
24/03/39	"DELETE"
24/04/65	"DELETE"
24/04/67	"DELETE"
24/04/78	"DELETE"
24/04/81	"DELETE"
24/04/95	"DELETE"
24/04/00	"DELETE"
24/04/01	"DELETE"
24/04/03	"DELETE"
24/04/07	"DELETE"
24/04/09	"DELETE"
24/04/10	"DELETE"
24/04/11	"DELETE"
24/04/18	"DELETE"
24/04/20	"DELETE"
24/04/22	"DELETE"
24/04/23	"DELETE"
24/04/36	"DELETE"
24/05/76	"DELETE"
24/05/94	"DELETE"
24/05/98	"DELETE"
24/05/20	"DELETE"
24/05/21	"DELETE"
24/05/27	"DELETE"
24/05/34	"DELETE"
24/06/35	"DELETE"
24/06/75	"DELETE"
24/06/81	"DELETE"
24/06/03	"DELETE"
24/06/04	"DELETE"
24/06/11	"DELETE"
24/06/18	"DELETE"
24/06/19	"DELETE"
24/07/34	"DELETE"
24/07/73	"DELETE"
24/07/93	"DELETE"
24/08/96	"DELETE"
24/08/01	"DELETE"
24/08/03	"DELETE"
24/08/04	"DELETE"
24/08/07	"DELETE"
24/08/08	"DELETE"
24/08/10	"DELETE"
24/08/12	"DELETE"
24/08/20	"DELETE"
24/08/21	"DELETE"
24/08/28	"DELETE"
24/09/87	"DELETE"
24/09/94	"DELETE"
24/09/96	"DELETE"
24/09/00	"DELETE"
24/09/02	"DELETE"
24/09/04	"DELETE"
24/09/10	"DELETE"
24/09/13	"DELETE"
24/09/19	"DELETE"
24/09/21	"DELETE"
24/09/24	"DELETE"
24/09/35	"DELETE"
24/09/38	"DELETE"
24/10/63	"DELETE"
24/10/66	"DELETE"
24/10/68	"DELETE"
24/10/97	"DELETE"
24/10/07	"DELETE"
24/10/08	"DELETE"
24/10/12	"DELETE"
24/10/14	"DELETE"
24/10/23	"DELETE"
24/10/27	"DELETE"
24/10/29	"DELETE"
24/10/30	"DELETE"
24/11/62	"DELETE"
24/11/73	"DELETE"
24/11/75	"DELETE"
24/11/95	"DELETE"
24/11/96	"DELETE"
24/11/98	"DELETE"
24/11/99	"DELETE"
24/11/02	"DELETE"
24/11/05	"DELETE"
24/11/07	"DELETE"
24/11/09	"DELETE"
24/11/12	"DELETE"
24/11/13	"DELETE"
24/11/15	"DELETE"
24/11/16	"DELETE"
24/11/20	"DELETE"
24/11/21	"DELETE"
24/11/22	"DELETE"
24/11/24	"DELETE"
24/11/34	"DELETE"
24/11/38	"DELETE"
24/11/39	"DELETE"
24/11/40	"DELETE"
24/12/97	"DELETE"
24/12/33	"DELETE"
24/12/34	"DELETE"
25/01/61	"DELETE"
25/01/73	"DELETE"
25/01/93	"DELETE"
25/01/00	"DELETE"
25/01/03	"DELETE"
25/01/07	"DELETE"
25/01/08	"DELETE"
25/01/10	"DELETE"
25/01/11	"DELETE"
25/01/12	"DELETE"
25/01/17	"DELETE"
25/01/18	"DELETE"
25/01/19	"DELETE"
25/01/22	"DELETE"
25/01/23	"DELETE"
25/01/27	"DELETE"
25/02/61	"DELETE"
25/02/69	"DELETE"
25/02/92	"DELETE"
25/02/00	"DELETE"
25/02/02	"DELETE"
25/02/06	"DELETE"
25/02/07	"DELETE"
25/02/10	"DELETE"
25/02/12	"DELETE"
25/02/15	"DELETE"
25/02/16	"DELETE"
25/02/21	"DELETE"
25/02/24	"DELETE"
25/02/25	"DELETE"
25/02/26	"DELETE"
25/02/28	"DELETE"
25/02/32	"DELETE"
25/02/38	"DELETE"
25/03/35	"DELETE"
25/03/63	"DELETE"
25/03/72	"DELETE"
25/03/80	"DELETE"
25/03/82	"DELETE"
25/03/85	"DELETE"
25/03/86	"DELETE"
25/03/88	"DELETE"
25/03/96	"DELETE"
25/03/00	"DELETE"
25/03/02	"DELETE"
25/03/07	"DELETE"
25/03/08	"DELETE"
25/03/10	"DELETE"
25/03/15	"DELETE"
25/03/18	"DELETE"
25/03/20	"DELETE"
25/03/21	"DELETE"
25/03/24	"DELETE"
25/03/30	"DELETE"
25/03/31	"DELETE"
25/03/32	"DELETE"
25/03/38	"DELETE"
25/04/66	"DELETE"
25/04/68	"DELETE"
25/04/77	"DELETE"
25/04/91	"DELETE"
25/04/95	"DELETE"
25/04/98	"DELETE"
25/04/02	"DELETE"
25/04/12	"DELETE"
25/04/14	"DELETE"
25/04/15	"DELETE"
25/04/17	"DELETE"
25/04/19	"DELETE"
25/04/21	"DELETE"
25/04/23	"DELETE"
25/04/31	"DELETE"
25/05/95	"DELETE"
25/05/97	"DELETE"
25/05/05	"DELETE"
25/05/09	"DELETE"
25/05/18	"DELETE"
25/05/20	"DELETE"
25/05/21	"DELETE"
25/05/37	"DELETE"
25/06/80	"DELETE"
25/06/06	"DELETE"
25/06/17	"DELETE"
25/06/18	"DELETE"
25/07/34	"DELETE"
25/07/94	"DELETE"
25/07/96	"DELETE"
25/07/16	"DELETE"
25/08/52	"DELETE"
25/08/71	"DELETE"
25/08/94	"DELETE"
25/08/00	"DELETE"
25/08/02	"DELETE"
25/08/06	"DELETE"
25/08/13	"DELETE"
25/08/20	"DELETE"
25/08/26	"DELETE"
25/08/30	"DELETE"
25/08/36	"DELETE"
25/08/39	"DELETE"
25/09/52	"DELETE"
25/09/74	"DELETE"
25/09/75	"DELETE"
25/09/80	"DELETE"
25/09/92	"DELETE"
25/09/93	"DELETE"
25/09/96	"DELETE"
25/09/99	"DELETE"
25/09/01	"DELETE"
25/09/05	"DELETE"
25/09/07	"DELETE"
25/09/11	"DELETE"
25/09/12	"DELETE"
25/09/15	"DELETE"
25/09/18	"DELETE"
25/09/26	"DELETE"
25/09/28	"DELETE"
25/09/34	"DELETE"
25/09/36	"DELETE"
25/10/71	"DELETE"
25/10/74	"DELETE"
25/10/05	"DELETE"
25/10/11	"DELETE"
25/10/12	"DELETE"
25/10/13	"DELETE"
25/10/17	"DELETE"
25/10/18	"DELETE"
25/10/23	"DELETE"
25/10/29	"DELETE"
25/10/32	"DELETE"
25/11/71	"DELETE"
25/11/82	"DELETE"
25/11/85	"DELETE"
25/11/93	"DELETE"
25/11/97	"DELETE"
25/11/99	"DELETE"
25/11/01	"DELETE"
25/11/02	"DELETE"
25/11/05	"DELETE"
25/11/06	"DELETE"
25/11/08	"DELETE"
25/11/10	"DELETE"
25/11/11	"DELETE"
25/11/12	"DELETE"
25/11/14	"DELETE"
25/11/16	"DELETE"
25/11/17	"DELETE"
25/11/18	"DELETE"
25/11/20	"DELETE"
25/11/21	"DELETE"
25/11/23	"DELETE"
25/11/25	"DELETE"
25/11/36	"DELETE"
25/11/37	"DELETE"
25/11/38	"DELETE"
25/12/83	"DELETE"
25/12/84	"DELETE"
25/12/85	"DELETE"
25/12/90	"DELETE"
25/12/91	"DELETE"
25/12/92	"DELETE"
25/12/93	"DELETE"
25/12/95	"DELETE"
25/12/96	"DELETE"
25/12/97	"DELETE"
25/12/99	"DELETE"
25/12/00	"DELETE"
25/12/02	"DELETE"
25/12/03	"DELETE"
25/12/04	"DELETE"
25/12/05	"DELETE"
25/12/07	"DELETE"
25/12/08	"DELETE"
25/12/09	"DELETE"
25/12/10	"DELETE"
25/12/11	"DELETE"
25/12/12	"DELETE"
25/12/13	"DELETE"
25/12/14	"DELETE"
25/12/15	"DELETE"
25/12/16	"DELETE"
25/12/17	"DELETE"
25/12/18	"DELETE"
25/12/19	"DELETE"
25/12/21	"DELETE"
25/12/22	"DELETE"
25/12/23	"DELETE"
25/12/27	"DELETE"
25/12/29	"DELETE"
25/12/30	"DELETE"
25/12/33	"DELETE"
25/12/34	"DELETE"
25/12/35	"DELETE"
26/01/86	"DELETE"
26/01/05	"DELETE"
26/01/08	"DELETE"
26/01/10	"DELETE"
26/01/17	"DELETE"
26/01/19	"DELETE"
26/01/20	"DELETE"
26/01/21	"DELETE"
26/01/24	"DELETE"
26/01/28	"DELETE"
26/01/39	"DELETE"
26/02/71	"DELETE"
26/02/76	"DELETE"
26/02/87	"DELETE"
26/02/90	"DELETE"
26/02/96	"DELETE"
26/02/98	"DELETE"
26/02/99	"DELETE"
26/02/02	"DELETE"
26/02/03	"DELETE"
26/02/06	"DELETE"
26/02/07	"DELETE"
26/02/11	"DELETE"
26/02/12	"DELETE"
26/02/13	"DELETE"
26/02/17	"DELETE"
26/02/19	"DELETE"
26/02/20	"DELETE"
26/02/23	"DELETE"
26/02/25	"DELETE"
26/02/26	"DELETE"
26/02/32	"DELETE"
26/02/35	"DELETE"
26/02/36	"DELETE"
26/02/37	"DELETE"
26/02/38	"DELETE"
26/03/56	"DELETE"
26/03/66	"DELETE"
26/03/70	"DELETE"
26/03/80	"DELETE"
26/03/92	"DELETE"
26/03/98	"DELETE"
26/03/99	"DELETE"
26/03/00	"DELETE"
26/03/01	"DELETE"
26/03/05	"DELETE"
26/03/06	"DELETE"
26/03/08	"DELETE"
26/03/15	"DELETE"
26/03/16	"DELETE"
26/03/17	"DELETE"
26/03/18	"DELETE"
26/03/19	"DELETE"
26/03/24	"DELETE"
26/04/76	"DELETE"
26/04/79	"DELETE"
26/04/97	"DELETE"
26/04/02	"DELETE"
26/04/03	"DELETE"
26/04/04	"DELETE"
26/04/10	"DELETE"
26/04/14	"DELETE"
26/04/15	"DELETE"
26/04/17	"DELETE"
26/04/18	"DELETE"
26/04/29	"DELETE"
26/04/32	"DELETE"
26/04/34	"DELETE"
26/04/38	"DELETE"
26/04/40	"DELETE"
26/05/96	"DELETE"
26/05/00	"DELETE"
26/05/06	"DELETE"
26/05/07	"DELETE"
26/05/08	"DELETE"
26/05/09	"DELETE"
26/05/10	"DELETE"
26/05/15	"DELETE"
26/05/17	"DELETE"
26/05/22	"DELETE"
26/05/32	"DELETE"
26/05/33	"DELETE"
26/06/33	"DELETE"
26/06/94	"DELETE"
26/06/34	"DELETE"
26/07/77	"DELETE"
26/07/93	"DELETE"
26/08/93	"DELETE"
26/08/99	"DELETE"
26/08/01	"DELETE"
26/08/03	"DELETE"
26/08/05	"DELETE"
26/08/06	"DELETE"
26/08/07	"DELETE"
26/08/08	"DELETE"
26/08/11	"DELETE"
26/08/12	"DELETE"
26/08/19	"DELETE"
26/08/22	"DELETE"
26/08/25	"DELETE"
26/08/38	"DELETE"
26/09/57	"DELETE"
26/09/94	"DELETE"
26/09/96	"DELETE"
26/09/00	"DELETE"
26/09/03	"DELETE"
26/09/04	"DELETE"
26/09/06	"DELETE"
26/09/08	"DELETE"
26/09/10	"DELETE"
26/09/14	"DELETE"
26/09/17	"DELETE"
26/09/22	"DELETE"
26/09/23	"DELETE"
26/09/25	"DELETE"
26/09/30	"DELETE"
26/09/33	"DELETE"
26/09/37	"DELETE"
26/10/63	"DELETE"
26/10/65	"DELETE"
26/10/72	"DELETE"
26/10/74	"DELETE"
26/10/79	"DELETE"
26/10/93	"DELETE"
26/10/03	"DELETE"
26/10/10	"DELETE"
26/10/12	"DELETE"
26/10/18	"DELETE"
26/10/19	"DELETE"
26/10/21	"DELETE"
26/10/22	"DELETE"
26/10/31	"DELETE"
26/11/64	"DELETE"
26/11/70	"DELETE"
26/11/92	"DELETE"
26/11/98	"DELETE"
26/11/00	"DELETE"
26/11/01	"DELETE"
26/11/02	"DELETE"
26/11/04	"DELETE"
26/11/05	"DELETE"
26/11/08	"DELETE"
26/11/09	"DELETE"
26/11/10	"DELETE"
26/11/13	"DELETE"
26/11/14	"DELETE"
26/11/15	"DELETE"
26/11/20	"DELETE"
26/11/23	"DELETE"
26/11/26	"DELETE"
26/11/27	"DELETE"
26/11/29	"DELETE"
26/11/31	"DELETE"
26/11/32	"DELETE"
26/11/36	"DELETE"
26/12/86	"DELETE"
26/12/95	"DELETE"
26/12/20	"DELETE"
27/01/64	"DELETE"
27/01/86	"DELETE"
27/01/88	"DELETE"
27/01/92	"DELETE"
27/01/94	"DELETE"
27/01/03	"DELETE"
27/01/08	"DELETE"
27/01/09	"DELETE"
27/01/12	"DELETE"
27/01/13	"DELETE"
27/01/15	"DELETE"
27/01/21	"DELETE"
27/01/22	"DELETE"
27/01/31	"DELETE"
27/01/33	"DELETE"
27/01/34	"DELETE"
27/01/37	"DELETE"
27/02/57	"DELETE"
27/02/67	"DELETE"
27/02/75	"DELETE"
27/02/84	"DELETE"
27/02/89	"DELETE"
27/02/92	"DELETE"
27/02/93	"DELETE"
27/02/95	"DELETE"
27/02/96	"DELETE"
27/02/97	"DELETE"
27/02/98	"DELETE"
27/02/01	"DELETE"
27/02/02	"DELETE"
27/02/10	"DELETE"
27/02/11	"DELETE"
27/02/16	"DELETE"
27/02/17	"DELETE"
27/02/18	"DELETE"
27/02/24	"DELETE"
27/02/25	"DELETE"
27/02/28	"DELETE"
27/02/34	"DELETE"
27/02/36	"DELETE"
27/03/65	"DELETE"
27/03/67	"DELETE"
27/03/69	"DELETE"
27/03/70	"DELETE"
27/03/76	"DELETE"
27/03/83	"DELETE"
27/03/91	"DELETE"
27/03/95	"DELETE"
27/03/01	"DELETE"
27/03/03	"DELETE"
27/03/04	"DELETE"
27/03/05	"DELETE"
27/03/12	"DELETE"
27/03/15	"DELETE"
27/03/19	"DELETE"
27/03/20	"DELETE"
27/03/23	"DELETE"
27/03/25	"DELETE"
27/03/30	"DELETE"
27/03/33	"DELETE"
27/03/39	"DELETE"
27/04/68	"DELETE"
27/04/87	"DELETE"
27/04/98	"DELETE"
27/04/01	"DELETE"
27/04/04	"DELETE"
27/04/05	"DELETE"
27/04/10	"DELETE"
27/04/12	"DELETE"
27/04/21	"DELETE"
27/04/26	"DELETE"
27/05/75	"DELETE"
27/05/86	"DELETE"
27/05/13	"DELETE"
27/05/19	"DELETE"
27/05/30	"DELETE"
27/06/96	"DELETE"
27/06/10	"DELETE"
27/07/71	"DELETE"
27/07/11	"DELETE"
27/07/16	"DELETE"
27/07/28	"DELETE"
27/08/74	"DELETE"
27/08/94	"DELETE"
27/08/00	"DELETE"
27/08/02	"DELETE"
27/08/04	"DELETE"
27/08/10	"DELETE"
27/08/13	"DELETE"
27/08/18	"DELETE"
27/08/19	"DELETE"
27/08/21	"DELETE"
27/08/24	"DELETE"
27/09/71	"DELETE"
27/09/93	"DELETE"
27/09/99	"DELETE"
27/09/02	"DELETE"
27/09/05	"DELETE"
27/09/07	"DELETE"
27/09/10	"DELETE"
27/09/11	"DELETE"
27/09/13	"DELETE"
27/09/18	"DELETE"
27/09/22	"DELETE"
27/09/24	"DELETE"
27/09/26	"DELETE"
27/09/27	"DELETE"
27/09/32	"DELETE"
27/09/34	"DELETE"
27/09/35	"DELETE"
27/10/55	"DELETE"
27/10/75	"DELETE"
27/10/97	"DELETE"
27/10/00	"DELETE"
27/10/02	"DELETE"
27/10/10	"DELETE"
27/10/13	"DELETE"
27/10/17	"DELETE"
27/10/19	"DELETE"
27/10/20	"DELETE"
27/10/21	"DELETE"
27/10/22	"DELETE"
27/10/30	"DELETE"
27/10/32	"DELETE"
27/10/33	"DELETE"
27/10/40	"DELETE"
27/11/61	"DELETE"
27/11/78	"DELETE"
27/11/89	"DELETE"
27/11/90	"DELETE"
27/11/95	"DELETE"
27/11/96	"DELETE"
27/11/99	"DELETE"
27/11/00	"DELETE"
27/11/01	"DELETE"
27/11/02	"DELETE"
27/11/06	"DELETE"
27/11/08	"DELETE"
27/11/09	"DELETE"
27/11/10	"DELETE"
27/11/11	"DELETE"
27/11/12	"DELETE"
27/11/13	"DELETE"
27/11/15	"DELETE"
27/11/16	"DELETE"
27/11/19	"DELETE"
27/11/22	"DELETE"
27/11/24	"DELETE"
27/11/25	"DELETE"
27/11/32	"DELETE"
27/11/40	"DELETE"
27/12/68	"DELETE"
27/12/04	"DELETE"
27/12/14	"DELETE"
27/12/20	"DELETE"
28/01/60	"DELETE"
28/01/77	"DELETE"
28/01/85	"DELETE"
28/01/97	"DELETE"
28/01/12	"DELETE"
28/01/14	"DELETE"
28/01/17	"DELETE"
28/01/20	"DELETE"
28/01/21	"DELETE"
28/01/24	"DELETE"
28/01/32	"DELETE"
28/01/38	"DELETE"
28/02/66	"DELETE"
28/02/69	"DELETE"
28/02/70	"DELETE"
28/02/72	"DELETE"
28/02/81	"DELETE"
28/02/91	"DELETE"
28/02/96	"DELETE"
28/02/98	"DELETE"
28/02/05	"DELETE"
28/02/06	"DELETE"
28/02/09	"DELETE"
28/02/10	"DELETE"
28/02/15	"DELETE"
28/02/17	"DELETE"
28/02/18	"DELETE"
28/02/19	"DELETE"
28/02/20	"DELETE"
28/02/21	"DELETE"
28/02/22	"DELETE"
28/02/24	"DELETE"
28/02/27	"DELETE"
28/02/35	"DELETE"
28/02/36	"DELETE"
28/02/37	"DELETE"
28/02/39	"DELETE"
28/03/68	"DELETE"
28/03/82	"DELETE"
28/03/00	"DELETE"
28/03/02	"DELETE"
28/03/03	"DELETE"
28/03/05	"DELETE"
28/03/08	"DELETE"
28/03/09	"DELETE"
28/03/11	"DELETE"
28/03/12	"DELETE"
28/03/15	"DELETE"
28/03/17	"DELETE"
28/03/19	"DELETE"
28/03/29	"DELETE"
28/03/33	"DELETE"
28/04/70	"DELETE"
28/04/77	"DELETE"
28/04/92	"DELETE"
28/04/93	"DELETE"
28/04/03	"DELETE"
28/04/05	"DELETE"
28/04/11	"DELETE"
28/04/13	"DELETE"
28/04/15	"DELETE"
28/04/16	"DELETE"
28/04/18	"DELETE"
28/04/20	"DELETE"
28/04/21	"DELETE"
28/04/23	"DELETE"
28/04/24	"DELETE"
28/04/32	"DELETE"
28/04/37	"DELETE"
28/04/38	"DELETE"
28/05/10	"DELETE"
28/05/14	"DELETE"
28/05/15	"DELETE"
28/06/73	"DELETE"
28/06/77	"DELETE"
28/06/84	"DELETE"
28/06/96	"DELETE"
28/06/02	"DELETE"
28/06/10	"DELETE"
28/06/18	"DELETE"
28/07/75	"DELETE"
28/07/76	"DELETE"
28/07/94	"DELETE"
28/07/26	"DELETE"
28/07/36	"DELETE"
28/07/39	"DELETE"
28/08/73	"DELETE"
28/08/75	"DELETE"
28/08/92	"DELETE"
28/08/93	"DELETE"
28/08/99	"DELETE"
28/08/01	"DELETE"
28/08/07	"DELETE"
28/08/11	"DELETE"
28/08/12	"DELETE"
28/08/18	"DELETE"
28/08/26	"DELETE"
28/08/28	"DELETE"
28/08/36	"DELETE"
28/09/64	"DELETE"
28/09/72	"DELETE"
28/09/86	"DELETE"
28/09/92	"DELETE"
28/09/01	"DELETE"
28/09/03	"DELETE"
28/09/04	"DELETE"
28/09/05	"DELETE"
28/09/07	"DELETE"
28/09/08	"DELETE"
28/09/10	"DELETE"
28/09/12	"DELETE"
28/09/18	"DELETE"
28/09/20	"DELETE"
28/09/21	"DELETE"
28/09/22	"DELETE"
28/09/28	"DELETE"
28/09/29	"DELETE"
28/09/34	"DELETE"
28/10/65	"DELETE"
28/10/67	"DELETE"
28/10/74	"DELETE"
28/10/76	"DELETE"
28/10/77	"DELETE"
28/10/97	"DELETE"
28/10/99	"DELETE"
28/10/01	"DELETE"
28/10/09	"DELETE"
28/10/10	"DELETE"
28/10/11	"DELETE"
28/10/15	"DELETE"
28/10/22	"DELETE"
28/10/25	"DELETE"
28/10/26	"DELETE"
28/10/27	"DELETE"
28/10/35	"DELETE"
28/11/63	"DELETE"
28/11/67	"DELETE"
28/11/91	"DELETE"
28/11/94	"DELETE"
28/11/96	"DELETE"
28/11/97	"DELETE"
28/11/99	"DELETE"
28/11/03	"DELETE"
28/11/08	"DELETE"
28/11/09	"DELETE"
28/11/11	"DELETE"
28/11/12	"DELETE"
28/11/13	"DELETE"
28/11/14	"DELETE"
28/11/15	"DELETE"
28/11/23	"DELETE"
28/11/30	"DELETE"
28/11/31	"DELETE"
28/11/38	"DELETE"
28/11/39	"DELETE"
28/12/60	"DELETE"
28/12/70	"DELETE"
28/12/18	"DELETE"
28/12/26	"DELETE"
29/01/76	"DELETE"
29/01/86	"DELETE"
29/01/87	"DELETE"
29/01/90	"DELETE"
29/01/94	"DELETE"
29/01/98	"DELETE"
29/01/03	"DELETE"
29/01/06	"DELETE"
29/01/10	"DELETE"
29/01/11	"DELETE"
29/01/12	"DELETE"
29/01/14	"DELETE"
29/01/19	"DELETE"
29/01/22	"DELETE"
29/01/24	"DELETE"
29/01/26	"DELETE"
29/01/27	"DELETE"
29/01/30	"DELETE"
29/01/37	"DELETE"
29/02/36	"DELETE"
" 29/02/1887"	"DELETE"
29/02/88	"DELETE"
29/02/96	"DELETE"
29/02/04	"DELETE"
29/02/08	"DELETE"
29/02/16	"DELETE"
29/03/65	"DELETE"
29/03/71	"DELETE"
29/03/73	"DELETE"
29/03/74	"DELETE"
29/03/79	"DELETE"
29/03/90	"DELETE"
29/03/01	"DELETE"
29/03/07	"DELETE"
29/03/11	"DELETE"
29/03/15	"DELETE"
29/03/16	"DELETE"
29/03/17	"DELETE"
29/03/18	"DELETE"
29/03/20	"DELETE"
29/03/22	"DELETE"
29/03/24	"DELETE"
29/03/25	"DELETE"
29/04/63	"DELETE"
29/04/64	"DELETE"
29/04/71	"DELETE"
29/04/80	"DELETE"
29/04/82	"DELETE"
29/04/91	"DELETE"
29/04/93	"DELETE"
29/04/02	"DELETE"
29/04/03	"DELETE"
29/04/06	"DELETE"
29/04/11	"DELETE"
29/04/14	"DELETE"
29/04/20	"DELETE"
29/04/25	"DELETE"
29/04/36	"DELETE"
29/04/38	"DELETE"
29/05/73	"DELETE"
29/05/18	"DELETE"
29/05/19	"DELETE"
29/05/22	"DELETE"
29/05/33	"DELETE"
29/06/72	"DELETE"
29/06/95	"DELETE"
29/06/99	"DELETE"
29/06/09	"DELETE"
29/06/12	"DELETE"
29/06/16	"DELETE"
29/06/19	"DELETE"
29/07/80	"DELETE"
29/07/93	"DELETE"
29/07/96	"DELETE"
29/07/19	"DELETE"
29/07/25	"DELETE"
29/07/38	"DELETE"
29/08/94	"DELETE"
29/08/96	"DELETE"
29/08/00	"DELETE"
29/08/03	"DELETE"
29/08/04	"DELETE"
29/08/06	"DELETE"
29/08/08	"DELETE"
29/08/10	"DELETE"
29/08/14	"DELETE"
29/08/17	"DELETE"
29/08/25	"DELETE"
29/08/30	"DELETE"
29/09/94	"DELETE"
29/09/97	"DELETE"
29/09/00	"DELETE"
29/09/02	"DELETE"
29/09/06	"DELETE"
29/09/13	"DELETE"
29/09/22	"DELETE"
29/09/23	"DELETE"
29/09/26	"DELETE"
29/09/31	"DELETE"
29/09/33	"DELETE"
29/09/36	"DELETE"
29/09/40	"DELETE"
29/10/70	"DELETE"
29/10/84	"DELETE"
29/10/92	"DELETE"
29/10/98	"DELETE"
29/10/00	"DELETE"
29/10/01	"DELETE"
29/10/02	"DELETE"
29/10/04	"DELETE"
29/10/06	"DELETE"
29/10/08	"DELETE"
29/10/13	"DELETE"
29/10/20	"DELETE"
29/10/22	"DELETE"
29/10/23	"DELETE"
29/10/24	"DELETE"
29/10/25	"DELETE"
29/10/28	"DELETE"
29/10/31	"DELETE"
29/10/35	"DELETE"
29/10/38	"DELETE"
29/11/56	"DELETE"
29/11/69	"DELETE"
29/11/91	"DELETE"
29/11/96	"DELETE"
29/11/99	"DELETE"
29/11/00	"DELETE"
29/11/06	"DELETE"
29/11/08	"DELETE"
29/11/11	"DELETE"
29/11/13	"DELETE"
29/11/14	"DELETE"
29/11/15	"DELETE"
29/11/20	"DELETE"
29/11/22	"DELETE"
29/11/23	"DELETE"
29/11/26	"DELETE"
29/11/28	"DELETE"
29/11/29	"DELETE"
29/11/32	"DELETE"
29/12/67	"DELETE"
29/12/70	"DELETE"
29/12/72	"DELETE"
30/01/66	"DELETE"
30/01/67	"DELETE"
30/01/80	"DELETE"
30/01/87	"DELETE"
30/01/92	"DELETE"
30/01/95	"DELETE"
30/01/00	"DELETE"
30/01/01	"DELETE"
30/01/04	"DELETE"
30/01/05	"DELETE"
30/01/07	"DELETE"
30/01/08	"DELETE"
30/01/15	"DELETE"
30/01/17	"DELETE"
30/01/18	"DELETE"
30/01/23	"DELETE"
30/01/28	"DELETE"
30/01/29	"DELETE"
30/01/33	"DELETE"
30/01/34	"DELETE"
30/01/40	"DELETE"
30/03/67	"DELETE"
30/03/81	"DELETE"
30/03/83	"DELETE"
30/03/87	"DELETE"
30/03/92	"DELETE"
30/03/95	"DELETE"
30/03/98	"DELETE"
30/03/01	"DELETE"
30/03/03	"DELETE"
30/03/08	"DELETE"
30/03/10	"DELETE"
30/03/11	"DELETE"
30/03/18	"DELETE"
30/03/20	"DELETE"
30/03/22	"DELETE"
30/03/23	"DELETE"
30/03/33	"DELETE"
30/03/36	"DELETE"
30/03/38	"DELETE"
30/04/53	"DELETE"
30/04/62	"DELETE"
30/04/73	"DELETE"
30/04/79	"DELETE"
30/04/86	"DELETE"
30/04/98	"DELETE"
30/04/02	"DELETE"
30/04/04	"DELETE"
30/04/06	"DELETE"
30/04/08	"DELETE"
30/04/11	"DELETE"
30/04/13	"DELETE"
30/04/14	"DELETE"
30/04/18	"DELETE"
30/04/19	"DELETE"
30/04/21	"DELETE"
30/04/24	"DELETE"
30/04/25	"DELETE"
30/04/28	"DELETE"
30/04/29	"DELETE"
30/04/34	"DELETE"
30/04/40	"DELETE"
30/05/79	"DELETE"
30/05/94	"DELETE"
30/05/08	"DELETE"
30/05/11	"DELETE"
30/05/12	"DELETE"
30/05/17	"DELETE"
30/05/23	"DELETE"
30/05/33	"DELETE"
30/06/75	"DELETE"
30/06/92	"DELETE"
30/06/96	"DELETE"
30/06/97	"DELETE"
30/06/04	"DELETE"
30/06/06	"DELETE"
30/06/24	"DELETE"
30/07/80	"DELETE"
30/07/94	"DELETE"
30/07/12	"DELETE"
30/07/30	"DELETE"
30/08/62	"DELETE"
30/08/65	"DELETE"
30/08/75	"DELETE"
30/08/82	"DELETE"
30/08/93	"DELETE"
30/08/99	"DELETE"
30/08/02	"DELETE"
30/08/05	"DELETE"
30/08/09	"DELETE"
30/08/11	"DELETE"
30/08/13	"DELETE"
30/08/22	"DELETE"
30/08/24	"DELETE"
30/09/84	"DELETE"
30/09/85	"DELETE"
30/09/91	"DELETE"
30/09/92	"DELETE"
30/09/93	"DELETE"
30/09/95	"DELETE"
30/09/99	"DELETE"
30/09/01	"DELETE"
30/09/03	"DELETE"
30/09/05	"DELETE"
30/09/07	"DELETE"
30/09/08	"DELETE"
30/09/11	"DELETE"
30/09/12	"DELETE"
30/09/21	"DELETE"
30/09/25	"DELETE"
30/09/26	"DELETE"
30/09/34	"DELETE"
30/09/39	"DELETE"
30/10/71	"DELETE"
30/10/78	"DELETE"
30/10/86	"DELETE"
30/10/97	"DELETE"
30/10/99	"DELETE"
30/10/00	"DELETE"
30/10/09	"DELETE"
30/10/11	"DELETE"
30/10/12	"DELETE"
30/10/15	"DELETE"
30/10/16	"DELETE"
30/10/18	"DELETE"
30/10/21	"DELETE"
30/10/25	"DELETE"
30/10/28	"DELETE"
30/10/30	"DELETE"
30/10/31	"DELETE"
30/11/71	"DELETE"
30/11/72	"DELETE"
30/11/78	"DELETE"
30/11/82	"DELETE"
30/11/85	"DELETE"
30/11/92	"DELETE"
30/11/93	"DELETE"
30/11/95	"DELETE"
30/11/98	"DELETE"
30/11/01	"DELETE"
30/11/03	"DELETE"
30/11/04	"DELETE"
30/11/05	"DELETE"
30/11/06	"DELETE"
30/11/07	"DELETE"
30/11/10	"DELETE"
30/11/12	"DELETE"
30/11/17	"DELETE"
30/11/20	"DELETE"
30/11/22	"DELETE"
30/11/26	"DELETE"
30/11/28	"DELETE"
30/11/30	"DELETE"
30/11/33	"DELETE"
30/11/38	"DELETE"
30/12/68	"DELETE"
30/12/08	"DELETE"
31/01/55	"DELETE"
31/01/66	"DELETE"
31/01/69	"DELETE"
31/01/81	"DELETE"
31/01/97	"DELETE"
31/01/03	"DELETE"
31/01/05	"DELETE"
31/01/06	"DELETE"
31/01/09	"DELETE"
31/01/12	"DELETE"
31/01/18	"DELETE"
31/01/27	"DELETE"
31/01/30	"DELETE"
31/03/60	"DELETE"
31/03/62	"DELETE"
31/03/69	"DELETE"
31/03/86	"DELETE"
31/03/92	"DELETE"
31/03/93	"DELETE"
31/03/94	"DELETE"
31/03/98	"DELETE"
31/03/99	"DELETE"
31/03/00	"DELETE"
31/03/06	"DELETE"
31/03/09	"DELETE"
31/03/10	"DELETE"
31/03/11	"DELETE"
31/03/12	"DELETE"
31/03/17	"DELETE"
31/03/20	"DELETE"
31/03/30	"DELETE"
31/03/38	"DELETE"
31/05/83	"DELETE"
31/05/02	"DELETE"
31/05/03	"DELETE"
31/07/73	"DELETE"
31/07/93	"DELETE"
31/07/94	"DELETE"
31/07/95	"DELETE"
31/07/96	"DELETE"
31/07/25	"DELETE"
31/07/28	"DELETE"
31/07/36	"DELETE"
31/08/71	"DELETE"
31/08/96	"DELETE"
31/08/01	"DELETE"
31/08/03	"DELETE"
31/08/04	"DELETE"
31/08/07	"DELETE"
31/08/08	"DELETE"
31/08/10	"DELETE"
31/08/12	"DELETE"
31/08/16	"DELETE"
31/08/21	"DELETE"
31/08/28	"DELETE"
31/10/62	"DELETE"
31/10/63	"DELETE"
31/10/74	"DELETE"
31/10/95	"DELETE"
31/10/97	"DELETE"
31/10/03	"DELETE"
31/10/05	"DELETE"
31/10/06	"DELETE"
31/10/07	"DELETE"
31/10/12	"DELETE"
31/10/15	"DELETE"
31/10/17	"DELETE"
31/10/20	"DELETE"
31/10/23	"DELETE"
31/10/27	"DELETE"
