"Société de Zofingue"	"Zofingue, Genève"
"Zichy, G."	"Zichy, Géza"
"Z.C."	"Z. C."
"Ysaÿe, Th."	"Ysaÿe, Théophile"
"Ysaye, Théo"	"Ysaÿe, Théophile"
"Ysaÿe, Théo"	"Ysaÿe, Théophile"
"Ysaye, Eugène"	"Ysaÿe, Eugène"
"Wuilleumier, H. (Mlle)"	"Wuilleumier, Hélène"
"Woellhaf,Ilse"	"Woellhaf, Ilse"
"Wittmer, E. (Mlle)"	"Wittmer, Elisa"
"Orchestre philharmonique de Vienne"	"Wiener Philharmoniker, Wien"
"Van de Wiele, Aimée"	"Wiele, Aimée van de"
"Wiegand-Dalwigk (Mme)"	"Wiegand-Dallwigk (Mme)"
"Wettstein, Silvia"	"Wettstein-Levi, Silvia"
"Werner, Aug."	"Werner, August"
"Wend, O."	"Wend, Otto"
"Weingartner, F."	"Weingartner, Felix"
"Weingartner, Félix"	"Weingartner, Felix"
"Wehrli, A."	"Wehrli, Arthur"
"Weber, Witte"	"Weber, Witte Maria"
"Weber, F."	"Weber, Félix"
"Wavre, P."	"Wavre, Pierre"
"Wang En-Shao"	"Wang, Enshao"
"Wallace, G."	"Wallace, Georgette"
"Wachsmuth-Loew, A."	"Wachsmuth-Loew, Andrée"
"De Vries, Esmé"	"Vries, Esmé de"
"Vorwärts"	"Vorwärts, Genève"
"Les Vocalistes du Conservatoire"	"Vocalistes du Conservatoire de Lausanne"
"Villa, C. (Mme)"	"Villa, Clémentine"
"Vigier, B. de"	"Vigier, Berthe de"
"Vigier, B. de (Mme)"	"Vigier, Berthe de"
"Viani, G."	"Viani, Georges"
"Viala, C."	"Viala, Claude"
"Viala-Brandt, Marg."	"Viala-Brandt, Marguerite"
"Vernet-tur-Rettini"	"Vernet-Turrettini"
"Vereinigung Winterthurer Handharmonikaspieler"	"Vereinigung Winterthurer Handharmonikaspieler, Winterthur"
"Verdan, A. (Mlle)"	"Verdan, Adèle"
"De La Vega, Javier"	"Vega, Javier de la"
"Varga, viktor"	"Varga, Viktor"
"Perck, B. van"	"Van Perck, B."
"Valogne, Y. (Mme)"	"Valogne, Yvonne"
"Franco-Suisse"	"Union musicale franco-suisse, Genève"
"Union Musicale Franco-Suisse"	"Union musicale franco-suisse, Genève"
"Union musicale franco-suisse"	"Union musicale franco-suisse, Genève"
"Union Musicale Française"	"Union musicale française, Genève"
"Union instrumentale genevoise"	"Union instrumentale genevoise, Genève"
"Union Instrumentale, Genève"	"Union instrumentale genevoise, Genève"
"Union instrumentale genevoise (Fanfare des Sapeurs-Pompiers)"	"Union instrumentale genevoise (Fanfare municipale des sapeurs-pompiers)"
"Union Instrumentale Genevoise (Fanfare municipale de la Ville de Genève)"	"Union instrumentale genevoise (Fanfare municipale de la Ville de Genève)"
"Union instrumentale genevoise Fanfare municipale de la Ville de Genève"	"Union instrumentale genevoise (Fanfare municipale de la Ville de Genève)"
"Union des Maîtres d'Armes"	"Union des maîtres d'armes, Genève"
"Union des Amis chanteurs de Carouge"	"Union des amis chanteurs de Carouge"
"Union chorale"	"Union chorale, Lausanne"
"Union Chorale de Lausanne"	"Union chorale, Lausanne"
"Union chorale de Lausanne"	"Union chorale, Lausanne"
"Union Chorale du Travail"	"Union chorale du travail"
"Union Chorale de Lyon"	"Union chorale de Lyon"
"Troyon-Blaisi (Mme)"	"Troyon-Blaesi (Mme)"
"Le Trio Hongrois"	"Trio Hongrois"
"Tonkünstler-Orchester de Munich"	"Tonkünstler-Orchester, München"
"Tonkünstler-Orchester de Berlin"	"Tonkünstler-Orchester, Berlin"
"Tindel, R."	"Tindel, Raymond"
"Tinayres, Yves"	"Tinayre, Yves"
"Thomson, C."	"Thomson, César"
"Théâtre prolétarien"	"Théâtre prolétarien, Genève"
"Théâtre de Bouffes parisiens"	"Théâtre des Bouffes parisiens, Paris"
"Théâtre des Bouffes"	"Théâtre des Bouffes parisiens, Paris"
"Théâtre des Bouffes Parisiens"	"Théâtre des Bouffes parisiens, Paris"
"Théâtre des Bouffes parisiens"	"Théâtre des Bouffes parisiens, Paris"
"M, Th."	"Th. M."
"Terzagbi, Ed."	"Terzaghi, Ed."
"Terracina, M. (Mlle)"	"Terracina, Marguerite"
"Teissier, A."	"Teissier, Auguste"
"Teissier, Aug."	"Teissier, Auguste"
"Tédeschi, Ermina"	"Tedeschi, Ermina"
"Tatianof, T."	"Tatianoff, T."
"Talmes, André"	"Talmès, André"
"Szigeti, J."	"Szigeti, Joseph"
"Szigeti, Josef"	"Szigeti, Joseph"
"Szigeti, Jospeh"	"Szigeti, Joseph"
"Suter, N."	"Suter, Nicolas"
"Stuttgarter Madrigal Vereinigung"	"Stuttgarter Madrigal Vereinigung, Stuttgart"
"Studio d'art dramatique"	"Studio d'art dramatique, Genève"
"Stoupanse"	"Stoupans"
"Stooss, H. (Mlle)"	"Stooss, Hélène"
"Stoll, M."	"Stoll, Max"
"Stoffel, Béatrice"	"Stoffel-Richoz, Béatrice"
"Stoecklin de Luc (Mme)"	"Stoecklin-Deluc (Mme)"
"Société Stella"	"Stella, Genève"
"Stella"	"Stella, Genève"
"Stavenhagen, B."	"Stavenhagen, Bernhard"
"Staff-musique internationale de Londres"	"Staff-musique internationale, London"
"Splett, Paul-O."	"Splett, Paul-Otto"
"Soullier, I."	"Soullier, Jean"
"Soullier, J."	"Soullier, Jean"
"Sougné, H."	"Sougné, Henri"
"Sottiaux, F."	"Sottiaux, Fernand"
"Sottiaux, Fd."	"Sottiaux, Fernand"
"Sörensen, Christiane"	"Sörensen, Christine"
"Sorensen, Christine"	"Sörensen, Christine"
"Soravia, Th. (Mlle)"	"Soravia, Thérèse"
"Soïni, Rose."	"Soïni, Rose"
"Sociétés Chorales et Instrumentales"	"Sociétés chorales et instrumentales de Genève"
"Sociétés chorales catholiques"	"Sociétés chorales catholiques, Genève"
"Société viennoise de choeurs d'hommes"	"Société viennoise de choeurs d'hommes, Wien"
"Société Symphonique"	"Société symphonique, Genève"
"Société symphonique"	"Société symphonique, Genève"
"Société royale a capella liégeois"	"Société royale a capella, Liège"
"Société Reymond"	"Société Reymond, Genève"
"Société Polyphonique Romaine"	"Société Polyphonique Romaine, Roma"
"Société Nautique"	"Société nautique, Genève"
"Société Libertas"	"Société Libertas, Genève"
"Société italienne"	"Société italienne, Genève"
"Société genevoise des amis de l'Instruction"	"Société genevoise des amis de l'instruction, Genève"
"Société genevoise des Amis de l'Instruction"	"Société genevoise des amis de l'instruction, Genève"
"Société du Progrès"	"Société du progrès, Genève"
"Grand orchestre national"	"Société du grand Orchestre national, Genève"
"Société du grand Orchestre national"	"Société du grand Orchestre national, Genève"
"Société des Étudiants Français"	"Société des étudiants français, Genève"
"Société des étudiants bulgares Bratstwo"	"Société des étudiants bulgares Bratstwo, Genève"
"Société des artistes"	"Société des artistes, Genève"
"Société de Musique Symphonique"	"Société de musique symphonique de Genève"
"Société de musique symphonique"	"Société de musique symphonique de Genève"
"Société de musique de chambre pour instruments à vent"	"Société de musique de chambre pour instruments à vent, Genève"
"Société de l'Instruction mutuelle"	"Société de l'Instruction mutuelle, Genève"
"Société de Chant Sacré"	"Société de chant sacré, Genève"
"Société de chant sacré"	"Société de chant sacré, Genève"
"Société de hant sacré"	"Société de chant sacré, Genève"
"Société Chorale des Eaux-Vives"	"Société chorale des Eaux-Vives, Genève"
"Société chorale des Eaux-Vives"	"Société chorale des Eaux-Vives, Genève"
"Société Chorale de Sainte-Cécile"	"Société chorale de Sainte-Cécile, Lausanne"
"Société Chorale de Genève et sa section d'enfants"	"Société chorale de Genève et sa section d'enfants"
"La Chorale de Genève"	"Société chorale de Genève"
"Société chorale"	"Société chorale de Genève"
"Société Chorale de Genève"	"Société chorale de Genève"
"Snell, H."	"Snell, Honore"
"Smetana, Bedrich"	"Smetana, Bedřich"
"Slaviansky d'Agréneff, D."	"Slaviansky d'Agréneff, Dmitri"
"Three sisters Edith"	"Sisters Edith"
"Silva, Luis Alves da"	"Silva, Luiz Alves da"
"Sillem, C."	"Sillem, Constance"
"Sillem, C. (Mlle)"	"Sillem, Constance"
"Sigrand, F."	"Sigrand, Frank"
"Sigmundt, Ad."	"Sigmundt, A."
"Sharples, M."	"Sharples, May"
"Sharpless (Mlle)"	"Sharples (Mlle)"
"Servettaz, C. (Mlle)"	"Servettaz, Céline"
"Servettaz, Célina"	"Servettaz, Céline"
"Serkin, Rudlof"	"Serkin, Rudolf"
"Senger, Franz Ludwig Hugo von ?"	"Senger, Franz Ludwig Hugo von"
"Segon, Pierre"	"Segond, Pierre"
"Segesmann, J. (Mlle)"	"Segesmann, Jeanne"
"Segessemann, Jeanne"	"Segesmann, Jeanne"
"Sections musicale et littéraire de l'Orphéon du Léman"	"Sections musicale et littéraire de l'Orphéon du Léman, Genève"
"Section genevoise des étudiants suisses"	"Section genevoise des étudiants suisses, Genève"
"Section fédérale de gymnastique de Genève-Ville"	"Section fédérale de gymnastique Genève-Ville"
"Section de gymnastique de Plainpalais"	"Section de gymnastique de Plainpalais, Genève"
"Schwalbé, Michel"	"Schwalbe, Michel"
"Schwab, L."	"Schwab, Louis"
"Schulz, O."	"Schulz, Oscar"
"Schulz-Lilié, C."	"Schulz-Lilié, Clara"
"Schulz, C."	"Schulz-Lilié, Clara"
"Schulz, Clara"	"Schulz-Lilié, Clara"
"Schulhof, Otto"	"Schulhoff, Otto"
"Schoeck, Othmar {RISM:85979"	"Schoeck, Othmar"
"Schnorhk, Martine"	"Schnork, Martine"
"Schneider, Gertrude"	"Schneider, Gertrud"
"Schneegans, A."	"Schnéegans, Aug."
"Schneegans"	"Schnéegans"
"Scheyterberg, E. de"	"Scheyterberg, Eveline de"
"Scheyterberg, E. de (Mlle)"	"Scheyterberg, Eveline de"
"Scheyterberg (Mlle)"	"Scheyterberg, de (Mlle)"
"Scheler, A."	"Scheler, Alphonse"
"Scheler, Alph."	"Scheler, Alphonse"
"Saxod, J."	"Saxod, Jean"
"Santandrea, P."	"Santandrea, Pierre"
"Santandréa, P."	"Santandrea, Pierre"
"Santandréa, Pierre"	"Santandrea, Pierre"
"Saengerverein Harmonie de Zürich"	"Sängerverein Harmonie, Zürich"
"Sängerverein Harmonie de Zürich"	"Sängerverein Harmonie, Zürich"
"Saengerbund"	"Sängerbund"
"Salmond, A."	"Salmond, Arthur"
"Rybicki-Varga, Suzanne"	"Rybicki-Varga, Susan"
"Rybicki, Suzanne"	"Rybicki-Varga, Susan"
"Rusiecki, Stephan"	"Rusiecki, Stefan"
"Roulet, Bretrand"	"Roulet, Bertrand"
"Rouilly, J.-L. (Mme)"	"Rouilly, Jean-Louise"
"Rostand, Odile"	"Rostan, Odile"
"Romano, Carrado"	"Romano, Corrado"
"Roesgen, Marguerite"	"Roesgen-Liodet, Marguerite"
"Roesgen-Liodet, C."	"Roesgen-Liodet, Cécile"
"Roesgen, Cécile"	"Roesgen-Liodet, Cécile"
"Rochat, M.-L."	"Rochat, Marie-Louise"
"Robert, H. (Mlle)"	"Robert, Hélène"
"Von Ritter, Nicolas"	"Ritter, Nicolas von"
"Rigo, J."	"Rigò, J."
"Richter, C.-H."	"Richter, Ch.-Henri"
"Richli, Édouard"	"Richli, Edouard"
"Richard, M."	"Richard, Marjorie"
"Ribaupierre, Ch. de"	"Ribaupierre, Charles de"
"Reymond, Eug."	"Reymond, Eugène"
"Rey, E."	"Rey, Emile"
"Rey, Émile"	"Rey, Emile"
"Réveille-Chor"	"Réveille-Chor, Basel"
"Renard, P."	"Renard, Pierre"
"Société La Renaissance"	"Renaissance, Genève"
"Reichel, B."	"Reichel, Bernard"
"Rehfuss, C."	"Rehfuss, Carl"
"Rehbld, F.-H."	"Rehbold, F.-H."
"Rehberg, W."	"Rehberg, Willy"
"Rehberg, A."	"Rehberg, Adolf"
"Rehberg, Ad."	"Rehberg, Adolf"
"Regamey, C."	"Regamey, Cyril"
"Raymond, C."	"Raymond, Charles"
"Rapin, F."	"Rapin, Frédéric"
"Rapin, Frédric"	"Rapin, Frédéric"
"Quatuor Vocal"	"Quatuor vocal, Genève"
"Sine Nomine"	"Quatuor Sine Nomine"
"Suatuor Martinu"	"Quatuor Martinu"
"Quatuor du Conservatoire"	"Quatuor du Conservatoire de Lausanne"
"Le Quatuor de Lausanne"	"Quatuor de Lausanne"
"Provesi, Luiggi"	"Provesi, Luigi"
"Prod'hom, J. (Mlle)"	"Prod'hom, Jeanne"
"Prod'Hom-Defrancesco, Marinette"	"Prod'hom-Defrancesco, Marinette"
"Prieur, J. (Mlle)"	"Prieur, Jane"
"Prevet, A."	"Prevet, Albert"
"Pregowsky, Z."	"Pregowsky, Zdzislaw"
"Poulin, R."	"Poulin, René"
"Poulin, René P."	"Poulin, René"
"Pötter ?"	"Pötter"
"Potel-Bernard, J.(Mme)"	"Potel-Bernard, J. (Mme)"
"Popowitzky, Zina"	"Popovitzky, Zina"
"Popovitzy (Mme)"	"Popovitzky (Mme)"
"Popowitzky"	"Popovitzky"
"Popov, Georges"	"Popov, Georgi"
"Popov, Gueorgui"	"Popov, Georgi"
"Pollatos, M."	"Pollatos, Marika"
"Pollak, R."	"Pollak, Robert"
"Pochon, Ant."	"Pochon, Antony"
"Plumb (Mlle), J."	"Plumb, J. (Mlle)"
"Pitoëff, L."	"Pitoëff, Ludmilla"
"Pitoeff, G."	"Pitoëff, Georges"
"Pitoëff, G."	"Pitoëff, Georges"
"Pillonel Bacchetta, catherine"	"Pillonel Bacchetta, Catherine"
"Pillonel Bachetta, Catherine"	"Pillonel Bacchetta, Catherine"
"Pillonell, Catherine"	"Pillonel Bacchetta, Catherine"
"Pileur, G."	"Pileur, Georges"
"Pileur, George"	"Pileur, Georges"
"Piguet, R. (Mlle)"	"Piguet, Renée"
"Piguet, Claire Anne"	"Piguet, Claire-Anne"
"Pignolo, R."	"Pignolo, René"
"Pieyre, A."	"Pieyre, Auguste"
"Picand, Marjolaine"	"Piccand, Marjolaine"
"Philippi, M."	"Philippi, Maria"
"Philharmonique Italienne"	"Philharmonique italienne, Genève"
"Petit-Choeur"	"Petit-Choeur, Genève"
"Peter, Alf."	"Peter, Alfred"
"Péter, Alfred"	"Peter, Alfred"
"Perrottet, J. (Mlle)"	"Perrottet, Jeanne"
"Pépin, A."	"Pépin, André"
"Pepin, André"	"Pépin, André"
"Pépin, Anré"	"Pépin, André"
"Penay, A."	"Penay, Alfred"
"Peluchi (Mme)"	"Pelucchi (Mme)"
"Paychère, A."	"Paychère, Albert"
"Van Parys, Paule"	"Parys, Paule van"
"Parès, G."	"Parès, Gabriël"
"Panzera, Ch."	"Panzera, Charles"
"Panthès, M."	"Panthès, Marie"
"Pahnke, Valdémar"	"Pahnke, Woldemar"
"Pahnke, W."	"Pahnke, Woldemar"
"Pahnke, Woldémar"	"Pahnke, Woldemar"
"P.R. (Mlle)"	"P. R. (Mlle)"
"Ousenko, Roman"	"Oussenko, Roman"
"Ousenko, G."	"Ousenko, Galina"
"Oudshorn"	"Oudshoorn"
"Osorio, Raphaël"	"Osorio, Raphael"
"Osorio, Edouard"	"Osorio, Edward"
"D'orval (Mme)"	"Orval, d' (Mme)"
"Société L'Orphéon du Léman"	"Orphéon du Léman, Genève"
"Orchestre Universitaire"	"Orchestre universitaire, Genève"
"Orchestre symphonique"	"Orchestre symphonique de Genève"
"Orchestre symphonique de Genève"	"Orchestre symphonique de Genève"
"Orchestre Symphonique de Genève"	"Orchestre symphonique de Genève"
"Orchestre Saint-Pierre-Fusterie"	"Orchestre Saint-Pierre-Fusterie, Genève"
"Orchestre Romand"	"Orchestre Romand, Lausanne"
"L'Orchestre Piccolo"	"Orchestre Piccolo du Conservatoire de Lausanne"
"Orchestre Piccolo"	"Orchestre Piccolo du Conservatoire de Lausanne"
"
          Orchestre militaire du premier régiment badois n° 109 des grenadiers
          de la garde de Carlsruhe
        "	"Orchestre militaire du premier régiment badois n° 109 des grenadiers de la garde, Karlsruhe"
"Orchestre militaire du cinquième régiment badois"	"Orchestre militaire du cinquième régiment badois, Baden"
"Orchestre Lamoureux"	"Orchestre Lamoureux, Paris"
"Orchestre Karr"	"Orchestre Karr, Genève"
"Orchestre Kaim de Munich"	"Orchestre Kaim, München"
"Orchestre Foyer musical et littéraire"	"Orchestre Foyer musical et littéraire, Genève"
"Orchestre Finck"	"Orchestre Finck, Genève"
"Orchestre Estudiantina"	"Orchestre Estudiantina, Genève"
"Orchestre Éolien"	"Orchestre Éolien, Genève"
"Orchestre du Théâtre"	"Orchestre du Théâtre, Genève"
"Orchestre du théâtre"	"Orchestre du Théâtre, Genève"
"Orchestre du théâtre national de Prague"	"Orchestre du théâtre national, Praha"
"Orchestre du théâtre (Orchestre des concerts d'abonnement)"	"Orchestre du théâtre (Orchestre des concerts d'abonnement), Genève"
"Orchestre du Parc des Eaux-Vives"	"Orchestre du Parc des Eaux-Vives, Genève"
"Orchestre du nouveau théâtre"	"Orchestre du nouveau théâtre, Genève"
"Orchestre du Nord"	"Orchestre du Nord, Genève"
"Orchestre du Kursaal"	"Orchestre du Kursaal, Genève"
"Orchestre du Grand théâtre"	"Orchestre du Grand Théâtre, Genève"
"Orchestre du Grand Théâtre"	"Orchestre du Grand Théâtre, Genève"
"L'Orchestre du Conservatoire de Lausanne"	"Orchestre du Conservatoire de Lausanne"
"Orchestre du Conservatoire"	"Orchestre du Conservatoire de Lausanne"
"Orchestre des Rencontres Musicales"	"Orchestre des Rencontres Musicales, Lausanne"
"Orchestre des jeunes"	"Orchestre des jeunes du Conservatoire de Lausanne"
"Orchestre des Jeunes"	"Orchestre des jeunes du Conservatoire de Lausanne"
"Orchestre des Jeunes du Conservatoire"	"Orchestre des jeunes du Conservatoire de Lausanne"
"Orchestre des concerts symphoniques"	"Orchestre des concerts symphoniques, Genève"
"Société des Concerts d'Été"	"Orchestre des concerts d'été, Genève"
"Orchestre des Concerts d'Abonnement"	"Orchestre des concerts d'abonnement, Genève"
"Orchestre des concerts d'abonnement"	"Orchestre des concerts d'abonnement, Genève"
"Orchestre des concerts classiques"	"Orchestre des concerts classiques, Genève"
"Orchestre de Saint-Jean"	"Orchestre de Saint-Jean, Genève"
"Orchestre de Radio Suisse Romande"	"Orchestre de Radio Suisse Romande, Genève"
"Orchestre Radio Suisse Romande"	"Orchestre de Radio Suisse Romande, Genève"
"Orchestre de musiciens lausannois"	"Orchestre de musiciens lausannois, Lausanne"
"Orchestre de la Ville"	"Orchestre de la Ville de Genève"
"Orchestre municipal de la Ville de Genève"	"Orchestre de la Ville de Genève"
"Orchestre de la Suisse Romande"	"Orchestre de la Suisse Romande, Genève"
"Société des grands concerts"	"Orchestre de la Société des grands concerts de Lyon"
"Orchestre de la Scala de Milan"	"Orchestre de la Scala, Milano"
"Orchestre du théâtre de la Scala de Milan"	"Orchestre de la Scala, Milano"
"Orchestre de la Julliard School of Music"	"Orchestre de la Julliard School of Music, New York"
"Orchestre de l'Opéra de Dresde"	"Orchestre de l'Opéra, Dresden"
"Orchestre de l'HEMU"	"Orchestre de l'HEMU, Lausanne"
"Orchestre de cordes du Conservatoire"	"Orchestre de cordes du Conservatoire, Genève"
"Orchestre de M. Aug. Koch de Muinch"	"Orchestre de Aug. Koch, München"
"Orchestre D'Alessandro"	"Orchestre d'Alessandro"
"Colonne et son orchestre de Paris"	"Orchestre Colonne, Paris"
"Orchestre Colonne"	"Orchestre Colonne, Paris"
"Orchestre Colonne (du cercle d'Aix-les-Bains)"	"Orchestre Colonne, Aix-les-Bains"
"Orchestre du cercle d'Aix-les-Bains"	"Orchestre Colonne, Aix-les-Bains"
"Orchestre Billy-Mac"	"Orchestre Billy-Mac, Genève"
"Orchestre Beau-Rivage"	"Orchestre Beau-Rivage, Genève"
"Orchestre a Cordes"	"Orchestre à cordes, Genève"
"Ondine genevoise"	"Ondine genevoise, Genève"
"Olivet-Décompoix, A. (Mme)"	"Olivet-Decompoix, A. (Mme)"
"Okromtchedei, G."	"Okromtchedeli, G."
"Okromtchedell, G."	"Okromtchedeli, G."
"Nouvel orchestre"	"Nouvel orchestre, Genève"
"Société des concerts du nouvel orchestre"	"Nouvel orchestre, Genève"
"de Nobert"	"Nobert, de"
"Nieswizski, Léon"	"Nieswicki, Léon"
"Nicole, L."	"Nicole, Louis"
"Nicolaj, B."	"Nicolaj, Bernard"
"Nicoläy, Bernard"	"Nicolaj, Bernard"
"Nicolaiew, Renée"	"Nicolaïew-Leschaut, Renée"
"Nicolaï"	"Nicolai"
"Neeb'scher Maennerchor de Francfort S. Main"	"Neeb'scher Männerchor, Frankfurt am Main"
"Nachèz, Tivadar"	"Nachez, Tivadar"
"Musique ouvrière"	"Musique ouvrière, Genève"
"Musique d'harmonie"	"Musique d'harmonie, Genève"
"La Muse"	"Muse, Genève"
"La Muse de Genève"	"Muse, Genève"
"Muller, Philippe"	"Müller, Philippe"
"Morel, X."	"Morel, Xavier"
"Moog, J."	"Moog, Jean"
"Montobio"	"Montobbio"
"Montandon, G. (Mlle)"	"Montandon, Gabrielle"
"Molnar, Heidi"	"Molnar-Berner, Heidi"
"Molina, O. (Mme)"	"Molina-Fischer, Olga"
"La Mission suisse de l'Himalaya"	"Mission suisse de l'Himalaya"
"Minkof"	"Minkoff"
"Michel, J.-F."	"Michel, Jean-François"
"Michel, Jean-Frnçois"	"Michel, Jean-François"
"Mezö, Làszlo"	"Mezö, Lászlo"
"Meylan, A."	"Meylan, Alphonse"
"Meyer, Cahrlotte"	"Meyer, Charlotte"
"Meyer de Stadelhofen, F."	"Meyer de Stadelhofen, Frédéric"
"Mey, Cèline"	"Mey, Céline"
"Mexin, Anne-Marie"	"Mexin-Goldenhorn, Anne-Marie"
"Métraux, J."	"Métraux, Jean"
"Mestrallet, E."	"Mestrallet, Ernest"
"Meschini, A."	"Meschini, André"
"Mennet-Anne-Marie"	"Mennet, Anne-Marie"
"Mendi, Laura"	"Mendy, Laura"
"Mégros, Julien"	"Mégroz, Julien"
"Mégevand-Montand, B. (Mme)"	"Mégevand-Montant, Berthe"
"Mégevand-Montant, B. (Mme)"	"Mégevand-Montant, Berthe"
"Mégevand, B. (Mme)"	"Mégevand-Montant, Berthe"
"Mégevand, Berthe"	"Mégevand-Montant, Berthe"
"May, Ph."	"May, Philippe"
"Matteï"	"Mattei"
"Mattéï"	"Mattei"
"Massit, L. (Mlle)"	"Massit, Lucie"
"Massenet, J."	"Massenet, Jules"
"La Masse chorale"	"Masse chorale, Genève"
"Mass, Henri"	"Mass, Harry"
"Marx Goldschmidt, Berthe"	"Marx-Goldschmidt, Berthe"
"Marx, Berthe"	"Marx-Goldschmidt, Berthe"
"Martinet, G."	"Martinet, Georges"
"Martin, P."	"Martin, Pauline"
"Martin, Ch."	"Martin, Christian"
"Marteau, H."	"Marteau, Henri"
"Marsilli"	"Marsili"
"Berner Männerchor"	"Männerchor, Bern"
"La Mandolinata"	"Mandolinata de Genève"
"La Mandolinata de Genève"	"Mandolinata de Genève"
"Mandolinata genevoise"	"Mandolinata de Genève"
"Orchestre Mandolinata de Genève"	"Mandolinata de Genève"
"Maîtrises de garçons et de filles du Conservatoire de Lausanne"	"Maîtrises de garçons et de filles du Conservatoire de Lausanne"
"Maîtrise du Conservatoire"	"Maîtrise du Conservatoire de Lausanne"
"Maillard, E."	"Maillard, Emile"
"Magneanat (Mlle)"	"Magnenat (Mlle)"
"Magalli, J."	"Magalli, Julien"
"M.B."	"M. B."
"Harmonie la Lyre"	"Lyre de Genève"
"La Lyre"	"Lyre de Genève"
"La Lyre de Genève"	"Lyre de Genève"
"Lyre de Genève"	"Lyre de Genève"
"La Lyre de Carouge"	"Lyre de Carouge"
"Lyre chorale"	"Lyre chorale, Genève"
"Ludwigg, L."	"Ludwig, L."
"Lubin, G."	"Lubin, Germaine"
"Lopez Cobos, Jesus"	"Lopez Cobos, Jesús"
"Longobardi, Alphonse"	"Longobardi, Alfonso"
"Lombard, J."	"Lombard, Joseph"
"Lombard, Jospeh"	"Lombard, Joseph"
"Litvinne, F."	"Litvinne, Félia"
"Liedertafel"	"Liedertafel, Genève"
"Liedertafel Bern"	"Liedertafel, Bern"
"Liedertafel de Bâle"	"Liedertafel, Basel"
"Liederkranz"	"Liederkranz, Genève"
"Männerchor Liederkranz"	"Liederkranz, Genève"
"Liederkranz-Concordia"	"Liederkranz-Concordia, Genève"
"Lickert, J."	"Lickert, Jules"
"Lévi, I."	"Lévi, Isidore"
"Lerczynska, Séverine"	"Lerczinska, Séverine"
"Lerzinska, Séverine"	"Lerczinska, Séverine"
"Lemerre , X."	"Lemerre, X."
"Lehrergesangverein de Zurich"	"Lehrergesangverein, Zürich"
"Lee, Sookin"	"Lee, Sook-in"
"Le Grand Roy"	"Le Grand'Roy"
"Le Boren, Fernand"	"Le Borne, Fernand"
"Lawton, Clem"	"Lawton, Clem."
"Laurier, J."	"Laurier, Julie"
"Lauber, J."	"Lauber, Joseph"
"Lassueur, Ch."	"Lassueur, Charles"
"Lasueur, Charles"	"Lassueur, Charles"
"Lang, J.-A."	"Lang, J. A."
"Lang,Frieder"	"Lang, Frieder"
"Frères Landolt"	"Landolt (frères)"
"Lamon, A. (Mlle)"	"Lamon, Amélie"
"van Laer"	"Laer, van"
"Van Laer"	"Laer, van"
"Van Leer"	"Laer, van"
"Laederach, W."	"Laederach, Walter"
"Lacroix, J."	"Lacroix, Jean"
"Bruyère, Olga de la"	"La Bruyère, Olga de"
"L*** (Mlle)"	"L. (Mlle)"
"Kuonen, R."	"Kuonen, Romain"
"Kunz, Alex"	"Kunz, Alexandre"
"Kunz, Alex."	"Kunz, Alexandre"
"Krigovsky, Jan"	"Krigovský, Ján"
"Korwin-Szymanowska, S. (Mme)"	"Korwin-Szymanowska, Stanislawa"
"Koller, Ch."	"Koller, Charles"
"Koch, L."	"Koch, Léonard"
"Kling, J."	"Kling, Jean"
"Kisfaludi, Eörs"	"Kisfaludy, Örs"
"Kipnis, Alex"	"Kipnis, Alexandre"
"Ketten, L."	"Ketten, Léopold"
"Ketten, Leopold"	"Ketten, Léopold"
"Ketten, Henry"	"Ketten, Henri"
"Kawamichi Luyet, Hiroko"	"Kawamichi-Luyet, Hiroko"
"Kawamichi, Hiroko"	"Kawamichi-Luyet, Hiroko"
"Kaufmann, G."	"Kaufmann, Georges"
"Karr, I."	"Karr, Isidore"
"Karjinsky"	"Karjinski"
"Kaëmpfe"	"Kaempfe"
"Collège de cordes de la Jeune Philharmonie de Suisse Centrale"	"Junge Philharmonie Zentralschweiz"
"Jodlerclub Alphüttli"	"Jodlerclub Alphüttli, Genève"
"Jodler Alpen-Club"	"Jodler Alpen-Club, Genève"
"Joachim, J."	"Joachim, Joseph"
"Jim-Gérald's"	"Jim-Géralds"
"Jauch, Th."	"Jauch, T."
"Jasinski, Eugène"	"Jasinsky, Eugène"
"Jaques-Dalcroze, N."	"Jaques-Dalcroze, Nina"
"Jaques-Dalcroze, N. (Mme)"	"Jaques-Dalcroze, Nina"
"Jaques-Dalcroze, Émile"	"Jaques-Dalcroze, Emile"
"Jaques, Emile"	"Jaques-Dalcroze, Emile"
"Janet, L."	"Janet, Lambert"
"Jandelli, D."	"Jandelli, Dante"
"Jaggi, M"	"Jaggi, M."
"Jacottet, Edouard"	"Jaccottet, Edouard"
"Jaccottet, Christina"	"Jaccottet, Christiane"
"J. , Marie"	"J., Marie"
"Ivasieff"	"Ivasief"
"Huguenin, Ch."	"Huguenin, Charles"
"Huber, H."	"Huber, Heinrich"
"Hottiger, Jean-Luc"	"Hottinger, Jean-Luc"
"Hostetter, Jacques"	"Hostettler, Jacques"
"Jean-Hort"	"Hort, Jean"
"Hoogstoël, L."	"Hoogstoël, Léon"
"Honegger, H."	"Honegger, Henri"
"Honegger, Henry"	"Honegger, Henri"
"Holzmann, A"	"Holzmann, A."
"Holtzmann"	"Holzmann"
"Hoegen, P."	"Hoegen, Paul"
"Hinden, A."	"Hinden, Adolphe"
"Heure musicale"	"Heure musicale, Genève"
"Hermann, A."	"Hermann, Alfred"
"Held, Ch."	"Held, Charles"
"Helaerts, H."	"Helaerts, Henri"
"Hélaerts, Henri"	"Helaerts, Henri"
"Helaerts, G."	"Helaerts, Guillaume"
"Hélaerts, G."	"Helaerts, Guillaume"
"Otto Hegner"	"Hegner, Otto"
"Hay, F."	"Hay, Frederik Charles"
"Harndorff, E."	"Harndorff, Edouard"
"Harndorrf"	"Harndorff"
"L'Harmonie"	"Harmonie, Genève"
"Harmonie municipale de Genève"	"Harmonie nautique, Genève"
"Harmonie N autique"	"Harmonie nautique, Genève"
"Harmonie nautique"	"Harmonie nautique, Genève"
"Harmonie Nautique"	"Harmonie nautique, Genève"
"Harmonie Nautique "	"Harmonie nautique, Genève"
"Harmonie Nautique de Genève"	"Harmonie nautique, Genève"
"Harmonie nautique de Genève"	"Harmonie nautique, Genève"
"Harmonie Nautique, Genève"	"Harmonie nautique, Genève"
"Harmonie des Mines de Blanzy"	"Harmonie des mines de Blanzy"
"Harmonic-Express des chemins de fer de l'est (Paris)"	"Harmonic-Express des chemins de fer de l'est, Paris"
"Handharmonika-Orchester (Lucerne)"	"Handharmonika-Orchester, Luzern"
"Handenhove, Yves Van"	"Handenhove, Yves van"
"de Haas, Robin"	"Haas, Robin"
"H.F."	"H. F."
"H.B."	"H. B."
"Guilhot, R."	"Guilhot, Richard"
"Gugolz, R."	"Gugolz, Robert"
"Gschwend, I."	"Gschwend, Irène"
"Gründer, Anne-Marie"	"Grunder, Anne-Marie"
"Gruet, E."	"Gruet, Edouard"
"Groupe Motet du Conservatoire"	"Groupe motet du Conservatoire de Genève"
"Groupe Lyrique"	"Groupe lyrique, Genève"
"Groupe choral"	"Groupe choral, Genève"
"Grétillat, N."	"Grétillat, Nelly"
"Grétillat, N. (Mme)"	"Grétillat, Nelly"
"Gretillat, Nelly"	"Grétillat, Nelly"
"La Grégorienne"	"Grégorienne, Genève"
"Société La Grégorienne"	"Grégorienne, Genève"
"Grégoire, V."	"Grégoire, Victor"
"Grégoire , Joseph"	"Grégoire, Joseph"
"Grégoire, J."	"Grégoire, Joseph"
"Grégoire, E."	"Grégoire, Esther"
"Grégoire , Baptiste"	"Grégoire, Baptiste"
"Grégoire Baptiste"	"Grégoire, Baptiste"
"Grégoire, B."	"Grégoire, Baptiste"
"Grégoire, Alph."	"Grégoire, Alphonse"
"De Greef, Arthur"	"Greef, Arthur de"
"Gras, Marg."	"Gras, Marguerite"
"Grand Orchestre de Vienne"	"Grand Orchestre, Wien"
"Grand Orchestre Symphonique"	"Grand orchestre symphonique, Genève"
"Graeter, Ferd."	"Graeter, Ferdinand"
"Gonçalves, Rogerio"	"Gonçalves, Rogério"
"Goltz, Gottfried van der"	"Goltz, Gottfried von der"
"Goffoel"	"Goffoël"
"Gobalet, L. (Mme)"	"Gobalet, Lily"
"Glashagen, Gabriela"	"Glashagen, Gabriele"
"Giroud, A."	"Giroud, Auguste"
"Giordani, Raffele"	"Giordani, Raffaele"
"Gionli (Mlle), C."	"Gionli, C. (Mlle)"
"Gieseking, Walther"	"Gieseking, Walter"
"Ghazarhyan, Armen"	"Ghazaryan, Armen"
"Ghazarian, Armen"	"Ghazaryan, Armen"
"Geyer, Stéfi"	"Geyer, Stefi"
"Gesangverein de Bâle"	"Gesangverein Basel"
"Geloso, A."	"Geloso, Albert"
"Gay Des Combes, Céline"	"Gay des Combes, Céline"
"Gay des Combres, Céline"	"Gay des Combes, Céline"
"Gautier, Noemi"	"Gautier, Noémie"
"Gardon, L. (Mme)"	"Gardon, Louise"
"Gantcheva, Katerina"	"Gancheva, Katerina"
"Gamboni, Y."	"Gamboni, Yvonne"
"Galin-Paris-Chevé"	"Galin-Paris-Chevé, Genève"
"Société de Galin-Paris-Chevé"	"Galin-Paris-Chevé, Genève"
"Société Galin-Paris-Chevé"	"Galin-Paris-Chevé, Genève"
"Société genevoise de l'école Galin-Paris-Chevé"	"Galin-Paris-Chevé, Genève"
"Société genevoise Mixte Galin-Paris-Chevé"	"Galin-Paris-Chevé, Genève"
"Société Mixte de Galin-Paris-Chevé"	"Galin-Paris-Chevé, Genève"
"(Galeotti, C.)"	"Galeotti, C."
"Gagnebin, H."	"Gagnebin, Henri"
"Gabelles, G."	"Gabelles, Gustave"
"G***"	"G."
"Fumeaux, E."	"Fumeaux, Elie"
"Froschammer, Félix"	"Froschhammer, Felix"
"Froschhammer, Félix"	"Froschhammer, Felix"
"Frohsinn de Vevey"	"Frohsinn, Vevey"
"Frohsinn Vevey"	"Frohsinn, Vevey"
"Frohsinn Lausanne"	"Frohsinn, Lausanne"
"Frohsinn"	"Frohsinn, Genève"
"Sängerbund Frohsinn"	"Frohsinn, Genève"
"Frey, Emile"	"Frey, Emil"
"Frey, Émile"	"Frey, Emil"
"Freud, R."	"Freund, Robert"
"Freund, R."	"Freund, Robert"
"Freiheit"	"Freiheit, Genève"
"Männerchor Freiheit"	"Freiheit, Genève"
"Frederic (Mme)"	"Frédéric (Mme)"
"Fréderic (Mme)"	"Frédéric (Mme)"
"Frederic"	"Frédéric"
"Fréderic"	"Frédéric"
"Frauenchor Vorwärts"	"Frauenchor Vorwärts, Genève"
"Frauen- und Töchterchor Vorwärts"	"Frauen- und Töchterchor Vorwärts, Genève"
"Francoual, Ch."	"Francoual, Charles"
"Fraissinet, J. (Mlle)"	"Fraissinet, Juliette"
"Foyer musical"	"Foyer musical, Genève"
"Foyer musical et littéraire"	"Foyer musical et littéraire, Genève"
"Fournier-Bartens (Mme)"	"Fournier-Bartens, Lily"
"Fouilloux, G."	"Fouilloux, Georges"
"Formont, M."	"Formont, Marius"
"Flury, A."	"Flury, Alfred"
"Fischer, Olga (Mlle)"	"Fischer, Olga"
"Fillion, R."	"Fillion, Roger"
"Filliou, Roger"	"Fillion, Roger"
"Filharmonicky Spolek Beseda Brnenska de Brno"	"Filharmonicky Spolek Beseda Brnenska, Brno"
"Festival Strings Lucerne"	"Festival Strings Lucerne, Luzern"
"Ferraris, G."	"Ferraris, Gustave"
"Ferrari, G."	"Ferrari, Gustave"
"Fauvette accordéoniste"	"Fauvette accordéoniste, Genève"
"Fanfare Musique ouvrière de Châtelaine"	"Fanfare ouvrière de Châtelaine"
"Fanfare ouvrière de Châtelaine"	"Fanfare ouvrière de Châtelaine"
"Fanfare Municipale du Corps des Sapeurs-Pompiers"	"Fanfare municipale du corps des sapeurs-pompiers, Genève"
"Fanfare genevoise"	"Fanfare genevoise, Genève"
"Fanfare Genevoise, Genève"	"Fanfare genevoise, Genève"
"La Fanfare Française"	"Fanfare française, Genève"
"Fanfare du Régiment d'infanterie 3 et du Bat. fus. Lw. 103"	"Fanfare du Rgt inf. 3 (Genève) et du Bat. fus. Lw. 103"
"Fanfare du rgt inf. 3"	"Fanfare du Rgt inf. 3 (Genève)"
"Fanfare Régiment Infanterie 3"	"Fanfare du Rgt inf. 3 (Genève)"
"Régiment d'infanterie 3"	"Fanfare du Rgt inf. 3 (Genève)"
"Fanfare d'un Bataillon Genevois"	"Fanfare d'un bataillon, Genève"
"Fanfare du 13ème Bataillon de Chasseurs Alpins Les Diables Bleus"	"Fanfare d'un bataillon, Genève"
"Faller, E."	"Faller, Elise"
"Fahrni, H."	"Fahrni, Hélène"
"Éva"	"Eva"
"European Tuna Octet"	"European Tuba Octet"
"Estudiantina espagnola (étudiants espagnols de Madrid)"	"Estudiantina espagnola, Madrid"
"Estudiantina Eaux-Vivienne"	"Estudiantina eaux-vivienne, Genève"
"Estudiantina Lausannoise Choralia"	"Estudiantina choralia, Lausanne"
"Espinasse, J"	"Espinasse, J."
"La société l' Espérance"	"Espérance, Genève"
"Société Espérance"	"Espérance, Genève"
"Ensemble instrumental"	"Ensemble instrumental du Conservatoire de Lausanne"
"Ensemble instrumental à cordes"	"Ensemble instrumental du Conservatoire de Lausanne"
"Ensemble instrumental de vents"	"Ensemble instrumental du Conservatoire de Lausanne"
"Ensemble instrumental du Conservatoire"	"Ensemble instrumental du Conservatoire de Lausanne"
"Ensemble de cuivres du Conservatoire"	"Ensemble de cuivres du Conservatoire de Lausanne"
"Ensemble Contemporain du Conservatoire"	"Ensemble contemporain du Conservatoire de Lausanne"
"Ensemble contemporain du Conservatoire"	"Ensemble contemporain du Conservatoire de Lausanne"
"L'ensemble contemporain du Conservatoire"	"Ensemble contemporain du Conservatoire de Lausanne"
"Ensemble contemporain de l'HEMU"	"Ensemble contemporain de l'HEMU, Lausanne"
"Enesco, Georges"	"Enescu, George"
"Enesco"	"Enescu"
"Élisa"	"Elisa"
"
          Elèves des deux premières classiques (Collèges de Saint-Antoine et de
          la Prairie)
        "	"Elèves des deux premières classiques (Collèges de Saint-Antoine et de la Prairie)"
"Effeuilleuse"	"Effeuilleuse, Genève"
"Effeuilleuse et Echo Vaudois"	"Effeuilleuse, Genève"
"Edelweiss"	"Edelweiss, Genève"
"L'Edelweiss"	"Edelweiss, Genève"
"École Supérieure de Jeunes Filles"	"Ecole supérieure de jeunes filles, Genève"
"Ecole sociale de musique"	"Ecole sociale de musique, Genève"
"École sociale de musique"	"Ecole sociale de musique, Genève"
"École Sociale de Musique"	"Ecole sociale de musique, Genève"
"Ecole populaire de musique"	"Ecole populaire de musique, Genève"
"École Populaire de Musique"	"Ecole populaire de musique, Genève"
"École populaire de musique"	"Ecole populaire de musique, Genève"
"Echo Vaudois"	"Echo vaudois"
"Echo du Bled"	"Echo du bled"
"Echenard, R."	"Echenard, Robert"
"Dutoit, G."	"Dutoit, Gustave"
"Duret, L."	"Duret, Louis"
"Duret, E."	"Duret, Elise"
"Dupont, G. (Mlle)"	"Dupont, Gabrielle"
"Dunoyer, Marie - Jose"	"Dunoyer, Marie-Jose"
"Dumur, R."	"Dumur, Rose"
"Dumur, M."	"Dumur, Maurice"
"Dula, A."	"Dula, Andor"
"Dufresne, G."	"Dufresne, Germaine"
"Pasquier, Suzanne du"	"Du Pasquier, Suzanne"
"Dovaz, J."	"Dovaz, Jules"
"Dorian, G."	"Dorian, Gita"
"Diémer, Louis"	"Diémer, Louis-Joseph"
"Die Kammermusiker Zurich"	"Die Kammermusiker, Zürich"
"Dides, Etienne"	"Didès, Etienne"
"Stefano, Giuseppe di"	"Di Stefano, Giuseppe"
"Deutsch-Schweizer-Verein"	"Deutsch-Schweizer-Verein, Genève"
"Desjardins, B."	"Desjardins, Blanche"
"Desarzens, V."	"Desarzens, Victor"
"Desarzens, G."	"Desarzens, Georges"
"Désani"	"Desani"
"Déprez, Georges"	"Deprez, Georges"
"Denzler, R."	"Denzler, Robert F."
"Dennes, P."	"Dennes, Paul"
"Denizot, Ch."	"Denizot, Charles"
"Denizot, Charles."	"Denizot, Charles"
"Denéréaz, A."	"Denéréaz, Alexandre"
"Dénéréaz, A."	"Denéréaz, Alexandre"
"Denéréaz, Alex."	"Denéréaz, Alexandre"
"10 sociétés des cantons de Vaud, Neuchâtel, Fribourg, Valais et Genève"	"DELETE"
"Comédie française"	"DELETE"
"Comité italien"	"DELETE"
"Delécra-Bratschy, Germaine"	"Delécra-Bratschi, Germaine"
"Délécra-Bratschi (Mme)"	"Delécra-Bratschi (Mme)"
"Delaye, G."	"Delaye, Georges"
"Delarue, J."	"Delarue, Jean"
"Delaquerrière de Miramont (Mme)"	"Delaquerrière-de Miramont (Mme)"
"Dégoutte"	"Degoutte"
"Defrancesco,Edmond"	"Defrancesco, Edmond"
"Defago, Ed."	"Defago, Edmée"
"Défago, Edmée"	"Defago, Edmée"
"Décompoix, Lucie"	"Decompoix, Lucie"
"Debogis-Bohy, M.-L."	"Debogis-Bohy, Marie-Louise"
"Debogis, Marie-Lise"	"Debogis-Bohy, Marie-Louise"
"Debogis, Marie-Louise"	"Debogis-Bohy, Marie-Louise"
"Stoppani, de (Mme)"	"De Stoppani, (Mme)"
"Stoppany, de (Mme)"	"De Stoppani, (Mme)"
"Daulte, M."	"Daulte, Madeleine"
"Darier, J. S. M."	"Darier, J.-S.-M."
"van Damme"	"Damme, van"
"Dalbe, B. (Mlle)"	"Dalbe, Blanche"
"Cullet, G."	"Cullet, Gaspar"
"La Cruz, de"	"Cruz, de la"
"Cruz-Froehlich, L. de la"	"Cruz-Frölich, Louis de la"
"Cruz, Louis de la"	"Cruz-Frölich, Louis de la"
"Frölich, L. La Cruz-Froehlich, L. de"	"Cruz-Frölich, Louis de la"
"La Cruz-Froehlich, L."	"Cruz-Frölich, Louis de la"
"La Cruz-Froehlich, Louis de"	"Cruz-Frölich, Louis de la"
"La Cruz, L. de"	"Cruz-Frölich, Louis de la"
"La Cruz, Louis de"	"Cruz-Frölich, Louis de la"
"Cruz-Froehlich, de la"	"Cruz-Frölich, de la"
"De la Cruz-Froehlich"	"Cruz-Frölich, de la"
"Crousaz, J. de"	"Crousaz, Juliette de"
"Corps de Musique de Landwehr"	"Corps de musique de Landwehr, Genève"
"Corps de musique de Landwehr"	"Corps de musique de Landwehr, Genève"
"Corps de musique de Landwehr "	"Corps de musique de Landwehr, Genève"
"Corps de musique de Landwehr (Harmonie militaire)"	"Corps de musique de Landwehr, Genève"
"Corps de Musique de Landwehr, Genève"	"Corps de musique de Landwehr, Genève"
"Corps de musique d'harmonie"	"Corps de musique d'harmonie, Genève"
"Corps de Musique d'Elite"	"Corps de musique d'Elite, Genève"
"Corps de musique d'Elite"	"Corps de musique d'Elite, Genève"
"Corps de musique d'Elite "	"Corps de musique d'Elite, Genève"
"Corps de musique d'Elite (Fanfare genevoise)"	"Corps de musique d'Elite (Fanfare genevoise), Genève"
"Corps de musique d'Elite Fanfare genevoise"	"Corps de musique d'Elite (Fanfare genevoise), Genève"
"Coquillot, M. (Mme)"	"Coquillot, Marcelle"
"Concordia"	"Concordia, Genève"
"La Concorde"	"Concordia, Genève"
"La Concordia"	"Concordia, Genève"
"La Concorida"	"Concordia, Genève"
"Société La Concorde"	"Concordia, Genève"
"Société la Concorde"	"Concordia, Genève"
"Orchestre de Munich"	"Concertverein, München"
"Colleguim Musicum de Zurich"	"Collegium musicum, Zürich"
"Choeur et orchestre du Collegium Musicum de Lucerne"	"Collegium Musicum Luzern"
"Collegium Musicum"	"Collegium musicum de l'Université, Genève"
"Club montagnard genevois"	"Club montagnard, Genève"
"Closset, F."	"Closset, Fernand"
"Clément, E."	"Clément, Edmond"
"La Clémence"	"Clémence, Genève"
"Classe de musique contemporaine de l'HEMU (site de Fribourg)"	"Classe de musique contemporaine de l'HEMU, Fribourg"
"Classe de choeurs du Conservatoire"	"Classe de choeurs du Conservatoire, Genève"
"Christen, E."	"Christen, Ernest"
"Chorale populaire l'Avenir"	"Chorale populaire l'Avenir, Genève"
"Chorale ouvrière chênoise"	"Chorale ouvrière, Chêne"
"Chorale ouvrière tessinoise"	"Chorale ouvrière tessinoise, Genève"
"Chorale de Saint-Gervais"	"Chorale de Saint-Gervais, Genève"
"La Chorale de Saint-Gervais"	"Chorale de Saint-Gervais, Genève"
"Choisy, F."	"Choisy, Frank"
"
          Choeurs des Basiliques patriarcales romaines et de la Chapelle Sixtine
          (Société polyphonique romaine)
        "	"Choeurs des Basiliques patriarcales romaines et de la Chapelle Sixtine (Société polyphonique romaine)"
"Choeur Russe"	"Choeur russe"
"Choeur royal de la Cathédrale de Berlin"	"Choeur royal de la Cathédrale, Berlin"
"Choeur Romand"	"Choeur romand"
"Choeur Paroissial du temple de Carouge"	"Choeur paroissial du temple de Carouge"
"Choeur paroissial des Pâquis"	"Choeur paroissial des Pâquis, Genève"
"Choeur Paroissial des Eaux-Vives"	"Choeur paroissial des Eaux-Vives, Genève"
"Choeur paroissial des Eaux-Vives"	"Choeur paroissial des Eaux-Vives, Genève"
"Choeur paroissial de Plainpalais"	"Choeur paroissial de Plainpalais, Genève"
"Choeur mixte de Zurich"	"Choeur mixte, Zürich"
"Choeur mixte"	"Choeur mixte, Genève"
"Choeur mixte de Saint-Antoine"	"Choeur mixte de Saint-Antoine, Genève"
"Choeur du Victoria Hall"	"Choeur du Victoria Hall, Genève"
"Choeur du COnservatoire"	"Choeur du Conservatoire de Lausanne"
"Choeur du Conservatoire"	"Choeur du Conservatoire de Lausanne"
"Choeur des instituteurs de Moravie de Prague"	"Choeur des instituteurs de Moravie, Praha"
"Choeur des enfants de l'Ecole des Eaux-Vives"	"Choeur des enfants de l'Ecole des Eaux-Vives, Genève"
"Choeur de la Société symphonique"	"Choeur de la Société symphonique, Genève"
"Choeurs de la Société symphonique"	"Choeur de la Société symphonique, Genève"
"Choeur de l'Union des Étudiants Polonais de Winterthour"	"Choeur de l'Union des Étudiants Polonais, Winterthur"
"Choeur de l'Eglise russe"	"Choeur de l'Eglise russe, Genève"
"Choeur de jeunes filles"	"Choeur de jeunes filles, Genève"
"Choeur de dames du Conservatoire"	"Choeur de dames du Conservatoire, Lausanne"
"Choeur d'enfants"	"Choeur d'enfants, Genève"
"Choeur d'enfants de l'école des Pervenches"	"Choeur d'enfants de l'école des Pervenches, Genève"
"Choe, Haesun"	"Choe, Haesung"
"Chevillard, C."	"Chevillard, Camille"
"Cheridjian-Charrey (Mme)"	"Chéridjian, Nina"
"Cheridjian, N."	"Chéridjian, Nina"
"Chéridjian, N."	"Chéridjian, Nina"
"Cheridjean"	"Chéridjian"
"Cherechewsky"	"Cherechewski"
"Charrot, F."	"Charrot, Fernand"
"Chapuis, M."	"Chapuis, Marcel"
"Chapuis, Suzanne"	"Chappuis, Suzanne"
"Chapelle Ketten"	"Chapelle Ketten, Genève"
"Chapelle Hongroise-Tzigane"	"Chapelle hongroise-tzigane"
"Chanteuses de la Colombière"	"Chanteuses de la Colombière, Genève"
"Chanteurs des Basiliques patriarcales romaines"	"Chanteurs des Basiliques patriarcales, Roma"
"Chanteurs des Basiliques patriarcales romaines et de la Chapelle Sixtine"	"Chanteurs des Basiliques patriarcales romaines et de la Chapelle Sixtine, Roma"
"Chaïkin, N."	"Chaïkin, Nathan"
"Cercle J. S. Bach"	"Cercle J. S. Bach, Genève"
"Cercle J.-S. Bach"	"Cercle J. S. Bach, Genève"
"Cercle Jean-Sébastien Bach"	"Cercle J. S. Bach, Genève"
"Cercle Jean-Sébastien Bach de Genève"	"Cercle J. S. Bach, Genève"
"Cercle des Beaux-Arts"	"Cercle des Beaux-Arts, Genève"
"Cercle de musique de chambre"	"Cercle de musique de chambre, Genève"
"Cercle Choral"	"Cercle choral, Genève"
"Cercle choral"	"Cercle choral, Genève"
"Cercle Choral de Genève"	"Cercle choral, Genève"
"Cercle choral de Genève"	"Cercle choral, Genève"
"Cercle Choral Féminin"	"Cercle choral féminin, Genève"
"Cercle choral féminin"	"Cercle choral féminin, Genève"
"Cécilienne"	"Cécilienne, Genève"
"La Cécilienne"	"Cécilienne, Genève"
"Société chorale La Cécilienne"	"Cécilienne, Genève"
"Société chorale la Cécilienne"	"Cécilienne, Genève"
"Société la Cécilienne"	"Cécilienne, Genève"
"Castellon, José-Daniel"	"Castellón, José-Daniel"
"Casimiri, R. C."	"Casimiri, Raffaele Casimiro"
"Casanelli d'Istria, Anré"	"Casanelli d'Istria, André"
"Casedesus, R."	"Casadesus, Robert"
"Cartel des chorales ouvrières"	"Cartel des chorales ouvrières, Genève"
"Carrichon, M. (Mlle)"	"Carrichon, Marguerite"
"Carreno, Teresa"	"Carreño, Teresa"
"Carmigola, Giuliano"	"Carmignola, Giuliano"
"Capoulade, Fr."	"Capoulade, François"
"Camérini"	"Camerini"
"Cambrun, Todd"	"Cambrun, Todd Richard"
"Cailler, H."	"Cailler, Henri"
"Cahen, A."	"Cahen, Albert"
"Caecilienverein Bern"	"Caecilienverein, Bern"
"Caecilien-Verein de Soleure"	"Caecilien-Verein, Solothurn"
"Paul Cadet-Grégoire (Mme)"	"Cadet-Grégoire (Mme)"
"Busch, Adolphe"	"Busch, Adolf"
"Bürgermusik de la Ville de Lucerne"	"Bürgermusik, Luzern"
"Burger, P."	"Burger, Paul"
"Burenne, H."	"Burenne, Henriette"
"Brunner, C."	"Brunner, Camille"
"Brunet, P."	"Brunet, Paul"
"Brun, F."	"Brun, Fritz"
"Bruel, J."	"Bruel, Jeanne"
"Brownless, Edmond"	"Brownless, Edmund"
"Breittmayer, M. (Mlle)"	"Breittmayer, Maggy"
"Breittmeyer, Maggy"	"Breittmayer, Maggy"
"Brandia, B."	"Brandia, Benito"
"Boveyron, G. (Mlle)"	"Boveyron, Germaine"
"Bovet, Abbé"	"Bovet"
"Boulenaz, Pierre"	"Boulénaz, Pierre"
"Bosson, L. (Mlle)"	"Bosson, Laure"
"Boskoff, G."	"Boskoff, Georges"
"Borner, Klaus"	"Börner, Klaus"
"Bordeaux (Mlle)"	"Bordeaux, de (Mlle)"
"Bonny, E."	"Bonny, Edouard"
"Bonnet, H."	"Bonnet, Henri"
"Bonnet, Henry"	"Bonnet, Henri"
"Bonade, L."	"Bonade, Louis"
"Bonade, Loius"	"Bonade, Louis"
"Bonade, Louis (dir)"	"Bonade, Louis"
"Bodet, F."	"Bodet, Francis"
"Bodet, F. (dir)"	"Bodet, Francis"
"Bobo, R."	"Bobo, Roger"
"Bley, de"	"Bleye, de"
"De Bleye"	"Bleye, de"
"Blanchet, E.R."	"Blanchet, E.-R."
"Blanc-Garin, F. (Mlle)"	"Blanc-Garin, Fernande"
"Birnbaum, Alex"	"Birnbaum, Alexandre"
"Birnbaum, Alex."	"Birnbaum, Alexandre"
"Bronislaw, Bilewicz"	"Bilewicz, Bronislaw"
"Besaçon, Thierry"	"Besançon, Thierry"
"Besançon, T."	"Besançon, Thierry"
"Bernand, G."	"Bernand, Georges"
"Orchestre Philharmonique de Berlin"	"Berliner Philharmoniker, Berlin"
"Orchestre philharmonique de Berlin"	"Berliner Philharmoniker, Berlin"
"Berkovits, F."	"Berkovits, Françoise"
"Bergalonne, F."	"Bergalonne, Francis"
"Benoit, Ellen"	"Benoît, Ellen"
"Benoit"	"Benoît"
"De Belocca, Anna"	"Belocca, Anna de"
"Société de Belles Lettres"	"Belles-Lettres, Genève"
"Société des Belles-Lettres"	"Belles-Lettres, Genève"
"Société des Belles-Lettres de Genève"	"Belles-Lettres, Genève"
"Beckmans, G."	"Beckmans, Guy"
"Bavaud, Alex."	"Bavaud, Alexandre"
"Batterie de tambours"	"Batterie de tambours, Genève"
"Bastard-Foex, E. (Mme)"	"Bastard-Foëx, E. (Mme)"
"Bastard-Foex (Mme)"	"Bastard-Foëx (Mme)"
"de Bas"	"Bas, de"
"Barthelemy"	"Barthélemy"
"Bardou, E."	"Bardou, Etienne"
"Barberi, Silvie"	"Barberi, Sylvie"
"Barassi, L."	"Barassi, Louise"
"Barassi, L. (Mme)"	"Barassi, Louise"
"Banda municipale de Barcelone"	"Banda municipale, Barcelona"
"Ballet Mireille Bonafe"	"Ballet, Mireille Bonafe"
"De Baets, Géraldine"	"Baets, Géraldine"
"Baechler, G."	"Baechler, Georges"
"Bacquié"	"Bacqué"
"Baccheta, Nadia"	"Bacchetta, Nadia"
"Frères Averino"	"Averino (frères)"
"Orchestre de l'Augusteo de Rome"	"Augusteo, Roma"
"L'Atelier contemporain du Conservatoire de Lausanne"	"Atelier contemporain du Conservatoire de Lausanne"
"Arioso,Roberto"	"Arioso, Roberto"
"Arbeiter Knabenmusik de Zurich"	"Arbeiter Knabenmusik, Zürich"
"Appia, E"	"Appia, Edmond"
"Appia, Ed."	"Appia, Edmond"
"N. N."	"Anonymus"
"n.n."	"Anonymus"
"Andreossi, Violette"	"Andréossi, Violette"
"Andreossi, V. (Mme)"	"Andréossi, V. (Mme)"
"Andersen, Ole"	"Andersen, Ole-Kristian"
"Harmonie des Anciens Ondins"	"Anciens Ondins, Genève"
"Les Amis chanteurs"	"Amis chanteurs"
"Amicale Syndicat C.G.T.E."	"Amicale Syndicat C.G.T.E., Genève"
"Amicale accordéoniste genevoise"	"Amicale accordéoniste, Genève"
"Alouette choral mixte fribourgeoise costumée"	"Alouette choral mixte costumée, Fribourg"
"Albert, de"	"Albert, Eugène d'"
"Albert, Eugen d'"	"Albert, Eugène d'"
"Akerlund, Lina"	"Akerlund, Lina Maria"
"Achron, Isidor"	"Achron, Isidore"
"G***, A."	"A. G."
"A***"	"A."
