"Classe d'ensemble et d'accompagnement"	"Séances d'élèves"
"Classe d'ensemble instrumental"	"Séances d'élèves"
"Classe d'ensemble intrumental"	"Séances d'élèves"
"Classes d'ensemble et d'accompagnement"	"Séances d'élèves"
"Classes de piano"	"Séances d'élèves"
"Concert par le groupe d'élèves"	"Séances d'élèves"
"Deux exercices d'élèves de la classe de déclamation"	"Séances d'élèves"
"Deux séances d'élèves"	"Séances d'élèves"
"Deux séances d'élèves de la classe de déclamation"	"Séances d'élèves"
"Deux séances d'élèves de la classe de virtuosité de piano"	"Séances d'élèves"
"Deux séances d'élèves des classes de chant"	"Séances d'élèves"
"Deux séances d'élèves des classes de piano"	"Séances d'élèves"
"Deux séances de la classe de piano"	"Séances d'élèves"
"Deux séances des classes de piano"	"Séances d'élèves"
"Deuxième et troisième exercices d'élèves"	"Séances d'élèves"
"Deuxième et troisième séances d'élèves"	"Séances d'élèves"
"Deuxième et troisième séances d'élèves des classes de piano"	"Séances d'élèves"
"Deuxième exercice d'élèves des classes de piano"	"Séances d'élèves"
"Deuxième séance d'élèves"	"Séances d'élèves"
"Deuxième séance d'élèves de la classe de virtuosité de piano"	"Séances d'élèves"
"Deuxième séance d'élèves des classes de piano"	"Séances d'élèves"
"Deuxième séance d'élèves; séance de sonates pour piano et violon"	"Séances d'élèves"
"Exercice d'élèves"	"Séances d'élèves"
"Exercice de la classe d'orchestre"	"Séances d'élèves"
"Exercice de la classe d'orchestre et de la classe de virtuosité de hautbois"	"Séances d'élèves"
"Exercice de la classe d'orchestre et de la classe de virtuosité de violon"	"Séances d'élèves"
"Exercice de la classe d'orchestre et des classes de harpe et de piano"	"Séances d'élèves"
"Exercice de la classe d'orchestre et des classes de virtuosité de clarinette, chant et piano"	"Séances d'élèves"
"Exercice de la classe de musique de chambre"	"Séances d'élèves"
"Exercice des classes d'orchestre et de virtuosité de piano et violon"	"Séances d'élèves"
"Exercice des classes d'orchestre, de flûte, de violon et de piano"	"Séances d'élèves"
"Exercice des classes de piano"	"Séances d'élèves"
"Exercice des classes de virtuosité de piano et de la classe d'orchestre"	"Séances d'élèves"
"Exercice des classes de virtuosité de piano et violon et de la classe d'orchestre"	"Séances d'élèves"
"Exercice des classes de virtuosité de piano, violon et orgue"	"Séances d'élèves"
"Exercice des élèves de la classe de virtuosité"	"Séances d'élèves"
"Exercice public de la classe normale de piano"	"Séances d'élèves"
"Premier exercice d'élèves"	"Séances d'élèves"
"Première et deuxième séances d'élèves"	"Séances d'élèves"
"Première et deuxième séances d'élèves des classes de piano"	"Séances d'élèves"
"Première séance d'élèves"	"Séances d'élèves"
"Première séance d'élèves de la classe de déclamation"	"Séances d'élèves"
"Première séance d'élèves de la classe de virtuosité"	"Séances d'élèves"
"Première séance d'élèves de la classe de virtuosité de piano"	"Séances d'élèves"
"Première séance d'élèves des classes de piano"	"Séances d'élèves"
"Première séance des classes de piano"	"Séances d'élèves"
"Quatre séances des classes de piano"	"Séances d'élèves"
"Quatrième et cinquième séances d'élèves des classes de piano"	"Séances d'élèves"
"Quatrième séance d'élèves"	"Séances d'élèves"
"Séance d'élèves"	"Séances d'élèves"
"Séance d'élèves de la classe d'orgue de monsieur le professeur Otto Barblan"	"Séances d'élèves"
"Séance d'élèves de la classe de déclamation"	"Séances d'élèves"
"Séance d'élèves de la classe de virtuosité de piano"	"Séances d'élèves"
"Séance d'élèves des classes d'orgue d'Otto Barblan"	"Séances d'élèves"
"Séance d'élèves des classes de chant"	"Séances d'élèves"
"Séance de musique de chambre des classes de piano"	"Séances d'élèves"
"Séance des classes de piano"	"Séances d'élèves"
"Séances de trios et quatuors seconde année"	"Séances d'élèves"
"Seconde séance d'élèves des classes de piano"	"Séances d'élèves"
"Sixième séance d'élèves"	"Séances d'élèves"
"Trois séances d'élèves"	"Séances d'élèves"
"Trois séances d'élèves consacrées à l'audition intégrale des sonates pour piano et violon de Beethoven"	"Séances d'élèves"
"Trois séances de la classe de virtuosité"	"Séances d'élèves"
"Trois séances des classes de piano"	"Séances d'élèves"
"Troisième et quatrième séances d'élèves"	"Séances d'élèves"
"Troisième séance d'élèves"	"Séances d'élèves"
"Troisième séance d'élèves de la classe de virtuosité de piano"	"Séances d'élèves"
"Troisième séance d'élèves des classes de piano"	"Séances d'élèves"
"12 séances de lectures"	"Saisons"
"Beethoven-Cyklus"	"Saisons"
"Cinq concert de la saison 1922-1923"	"Saisons"
"Dix concerts"	"Saisons"
"Dix concerts Marteau"	"Saisons"
"Dix concerts par abonnement (série B)"	"Saisons"
"Dix concerts populaires Marteau"	"Saisons"
"Dix concerts symphoniques"	"Saisons"
"Dix lectures"	"Saisons"
"Dix séances de musique de chambre"	"Saisons"
"Douze concerts d'abonnement"	"Saisons"
"Douze concerts par abonnement"	"Saisons"
"Douze concerts par abonnement (série A)"	"Saisons"
"Douze concerts symphoniques"	"Saisons"
"Huit concerts"	"Saisons"
"Huit concerts de l'orchestre symphonique de Lausanne"	"Saisons"
"Huit conférences"	"Saisons"
"Huit conférences sur Shakespeare"	"Saisons"
"Huit représentations de gala d'opéra italien"	"Saisons"
"Huit séances de musique de chambre"	"Saisons"
"Huit soirées d'abonnement"	"Saisons"
"Jeudis littéraires"	"Saisons"
"Plan général des programmes"	"Saisons"
"Programme des dix concerts d'abonnement"	"Saisons"
"Récitals Gustave Ferrari, saison 1927-1928"	"Saisons"
"Season"	"Saisons"
"Six concerts par abonnement de la série B"	"Saisons"
"Six conférences musicales"	"Saisons"
"Six séances de musique de chambre"	"Saisons"
"Three lectures in english"	"Saisons"
"Trois grands récitals populaires de chant"	"Saisons"
"Trois séances"	"Saisons"
"Palmarès"	"Palmarès"
"Cinquième / Sixième séance de musique de chambre"	"Musique de chambre"
"Cinquième séance de la société de musique de chambre"	"Musique de chambre"
"Cinquième séance de musique de chambre"	"Musique de chambre"
"Deux séances de musique de chambre"	"Musique de chambre"
"Huitième et dernière séance de musique de chambre"	"Musique de chambre"
"Premier concert de musique de chambre"	"Musique de chambre"
"Première séance de musique de chambre"	"Musique de chambre"
"Première séance de musique de chamnre"	"Musique de chambre"
"Première séance familière de musique de chambre"	"Musique de chambre"
"Quatre séances de musique de chambre"	"Musique de chambre"
"Quatrième et dernier concert de musique de chambre"	"Musique de chambre"
"Quatrième et dernière séance de musique de chambre"	"Musique de chambre"
"Quatrième séance de musique de chambre"	"Musique de chambre"
"Séance de musique de chambre"	"Musique de chambre"
"Séance de musique de chambre offerte aux abonnés"	"Musique de chambre"
"Séance supplémentaire de musique de chambre"	"Musique de chambre"
"Seconde séance de musique de chambre"	"Musique de chambre"
"Septième séance de musique de chambre"	"Musique de chambre"
"Sixième et dernière séance de la Société de musique de chambre"	"Musique de chambre"
"Sixième et dernière séance de musique de chambre"	"Musique de chambre"
"Sixième séance de musique de chambre"	"Musique de chambre"
"Trois séances de musique de chambre"	"Musique de chambre"
"Troisième concert de musique de chambre"	"Musique de chambre"
"Troisième et dernier concert de musique de chambre"	"Musique de chambre"
"Troisième et dernière séance de musique de chambre"	"Musique de chambre"
"Troisième séance de musique de chambre"	"Musique de chambre"
"Midi-concerts"	"Midi-concerts"
"Jeudis"	"Jeudis"
"Festival Arthur Honegger"	"Festivals"
"Festival de Genève 1936"	"Festivals"
"Festival Debussy"	"Festivals"
"Festival Richard Wagner"	"Festivals"
"Festival Wagner"	"Festivals"
"Festival Wagner (en dehors de l'abonnement)"	"Festivals"
"Festival Wagner en dehors de l'abonnement"	"Festivals"
"VIIme Festival de la Société internationale de musique contemporaine"	"Festivals"
"Examen de la classe d'accompagnement"	"Examens"
"Examen de la classe d'accompagnement (piano)"	"Examens"
"Examens"	"Examens"
"Examens 1915-1916"	"Examens"
"Examens avec orchestre"	"Examens"
"Examens de la classe de musique instrumentale et d'accompagnement"	"Examens"
"Examens de la classe de virtuosité de chant"	"Examens"
"Examens de la classe de virtuosité de harpe, flûte et violon"	"Examens"
"Examens de la classe de virtuosité de violon"	"Examens"
"Examens de la classe de virtuosité de violon et de la classe de virtuosité de flûte"	"Examens"
"Examens de la classe de virtuosité de violoncelle et de violon"	"Examens"
"Examens des classe de virtuosité de harpe, de flûte, de violoncelle, de violon"	"Examens"
"Examens des classes de virtuosité de chant-piano, orgue-violon, clarinette, trompette"	"Examens"
"Examens des classes de virtuosité de chant-piano, violon-flûte"	"Examens"
"Examens des classes de virtuosité de chant, d'orgue, de piano, de violon et de violoncelle et de la classe normale d'orgue et de piano"	"Examens"
"Examens des classes de virtuosité de chant, piano et violon"	"Examens"
"Examens des classes de virtuosité de chant, piano, flûte, clarinette"	"Examens"
"Examens des classes de virtuosité de clavecin, piano, flûte, hautbois, clarinette"	"Examens"
"Examens des classes de virtuosité de déclamation, piano, chant, flûte"	"Examens"
"Examens des classes de virtuosité de harpe, de flûte, de violoncelle, de violon"	"Examens"
"Examens des classes de virtuosité de piano"	"Examens"
"Examens des classes de virtuosité de piano et de violoncelle et de la classe normale de piano"	"Examens"
"Examens des classes de virtuosité de piano et trompette"	"Examens"
"Examens des classes de virtuosité de piano et violon"	"Examens"
"Examens des classes de virtuosité de piano, clavecin, violon, chant, hautbois"	"Examens"
"Examens des classes de virtuosité de piano, orgue, violon et clarinette"	"Examens"
"Examens des classes de virtuosité de piano, violon et basson"	"Examens"
"Examens des classes de virtuosité de piano, violon, flûte"	"Examens"
"Examens des classes de virtuosité de piano, violon, violoncelle"	"Examens"
"Examens des classes de virtuosité de piano, violon, violoncelle et clarinette"	"Examens"
"Examens des classes de virtuosité et de la classe normale de piano et d'orgue"	"Examens"
"Examens des classes de virtuosité et des classes normales 2me année de violoncelle et violon"	"Examens"
"Examens pour le prix de virtuosité (musique de chambre)"	"Examens"
"Grands examens de la clase normale et de la classe de virtuosité de chant"	"Examens"
"Grands examens de la classe de virtuosité de chant"	"Examens"
"Grands examens de la classe de virtuosité de piano"	"Examens"
"Grands examens de la classe de virtuosité de violon"	"Examens"
"Grands examens de la classe de virtuosité et de la classe normale de piano"	"Examens"
"Grands examens de la classe normale et de la classe de virtuosité de chant"	"Examens"
"Grands examens de la classe normale et de la classe de virtuosité de piano"	"Examens"
"Grands examens de la classe normale et de la classe de virtuosité de violon"	"Examens"
"Programme des grands examens"	"Examens"
"Distribution de prix"	"Distributions des prix"
"Distribution des prix"	"Distributions des prix"
1918	"DELETE"
"[18--?]"	"DELETE"
"[19--?]"	"DELETE"
"1860-1861"	"DELETE"
"1867-1868"	"DELETE"
"1868-1869"	"DELETE"
"1869-1870"	"DELETE"
"1870-1871"	"DELETE"
"1871 ?"	"DELETE"
"1871-1872"	"DELETE"
"1872-1873"	"DELETE"
"1873-1874"	"DELETE"
"1873-1874?"	"DELETE"
"1873?"	"DELETE"
"1874-1875"	"DELETE"
"1874-1875?"	"DELETE"
"1875-1876"	"DELETE"
"1875-1876?"	"DELETE"
"1876-1877"	"DELETE"
"1877-1878"	"DELETE"
"1877-1878?"	"DELETE"
"1878-1879"	"DELETE"
"1878-1879?"	"DELETE"
"1879-1880"	"DELETE"
"1880-1881"	"DELETE"
"1881-1882"	"DELETE"
"1882-1883"	"DELETE"
"1883-1884"	"DELETE"
"1884-1885"	"DELETE"
"1885-1886"	"DELETE"
"1886-1887"	"DELETE"
"1886-1887?"	"DELETE"
"1887-1888"	"DELETE"
"1888-1889"	"DELETE"
"1889-1890"	"DELETE"
"1890-1891"	"DELETE"
"1891-1892"	"DELETE"
"1892-1893"	"DELETE"
"1893-1894"	"DELETE"
"1894-1895"	"DELETE"
"1895-1896"	"DELETE"
"1896-1897"	"DELETE"
"1897-1898"	"DELETE"
"1898-1899"	"DELETE"
"1899-1900"	"DELETE"
"1900-1901"	"DELETE"
"1901-1902"	"DELETE"
"1902-1903"	"DELETE"
"1903-1904"	"DELETE"
"1904-1905"	"DELETE"
"1905-1906"	"DELETE"
"1906-1907"	"DELETE"
"1907-1908"	"DELETE"
"1908-1909"	"DELETE"
"1909-1910"	"DELETE"
"1910-1911"	"DELETE"
"1911-1912"	"DELETE"
"1912-1913"	"DELETE"
"1913-1914"	"DELETE"
"1914-1915"	"DELETE"
"1915-1916"	"DELETE"
"1916-1917"	"DELETE"
"1917-1918"	"DELETE"
"1917-1918?"	"DELETE"
"1918-1919"	"DELETE"
"1919-1920"	"DELETE"
"1919-1920?"	"DELETE"
"1920-1921"	"DELETE"
"1920-1921 "	"DELETE"
"1921-1922"	"DELETE"
"1922-1923"	"DELETE"
"1923-1924"	"DELETE"
"1924-1925"	"DELETE"
"1924-1925?"	"DELETE"
"1925-1926"	"DELETE"
"1926-1927"	"DELETE"
"1926-1927?"	"DELETE"
"1927-1928"	"DELETE"
"1928-1929"	"DELETE"
"1929-1930"	"DELETE"
"1929-1930?"	"DELETE"
"1930-1931"	"DELETE"
"1931-1932"	"DELETE"
"1932-1933"	"DELETE"
"1933-1934"	"DELETE"
"1934-1935"	"DELETE"
"1934-1935 "	"DELETE"
"1935-1936"	"DELETE"
"1936-1937"	"DELETE"
"1937-1938"	"DELETE"
"1938-1939"	"DELETE"
"1939-1940"	"DELETE"
"1940-1941"	"DELETE"
"1940?"	"DELETE"
"1941-1942"	"DELETE"
"1942-1943"	"DELETE"
"1943-1944"	"DELETE"
"1944-1945"	"DELETE"
"1945-1946"	"DELETE"
"5me concert"	"DELETE"
"Autres"	"DELETE"
"Centenaire du Conservatoire de musique"	"DELETE"
"Cinq causeries"	"DELETE"
"Cinq conférences"	"DELETE"
"Cinq séances consacrées aux œuvres de Chopin"	"DELETE"
"Cinq séances de musique classique"	"DELETE"
"Cinq soirées consacrées à l'œuvre de Victor Hugo"	"DELETE"
"Cinquième audition de la société indépendante des compositeurs de musique"	"DELETE"
"Cinquième concert"	"DELETE"
"Cinquième concert classique"	"DELETE"
"Cinquième et dernier concert"	"DELETE"
"Cinquième et dernière séance de quatuor"	"DELETE"
"Cinquième et sixième séances"	"DELETE"
"Cinquième grand concert de la saison d'hiver"	"DELETE"
"Cinquième leçon sur l'histoire et l'esthétique de la musique"	"DELETE"
"Clôture de la saison"	"DELETE"
"Clôture de saison"	"DELETE"
"Concert annuel"	"DELETE"
"Concert d'adieu"	"DELETE"
"Concert de clôture"	"DELETE"
"Concerts Lamoureux de Paris"	"DELETE"
"Dernier concert"	"DELETE"
"Dernier concert vocal et instrumental"	"DELETE"
"Dernière matinée musicale"	"DELETE"
"Dernière soirée"	"DELETE"
"Deux séances de la classe d'accompagnement"	"DELETE"
"Deux séances de musique religieuse française"	"DELETE"
"Deux séances de sonates"	"DELETE"
"Deux séances de sonates pour piano et violon"	"DELETE"
"Deux séances du quatuor"	"DELETE"
"Deux soirées"	"DELETE"
"Deuxième concert"	"DELETE"
"Deuxième concert classique"	"DELETE"
"Deuxième concert de musique classique"	"DELETE"
"Deuxième concert du trio du Conservatoire de Genève"	"DELETE"
"Deuxième concert spirituel"	"DELETE"
"Deuxième concert symphonique populaire; Première séance de musique de chambre; Troisième concert symphonique"	"DELETE"
"Deuxième conférence"	"DELETE"
"Deuxième et dernier concert (hors abonnement)"	"DELETE"
"Deuxième grand concert"	"DELETE"
"Deuxième grand concert de la saison d'hiver"	"DELETE"
"Deuxième grand concert militaire de la saison d'hiver"	"DELETE"
"Deuxième jeudi littéraire"	"DELETE"
"Deuxième matinée musicale"	"DELETE"
"Deuxième séance"	"DELETE"
"Deuxième séance de musique"	"DELETE"
"Deuxième séance de musique suisse"	"DELETE"
"Deuxième séance de quatuor"	"DELETE"
"Deuxième séance de sonates"	"DELETE"
"Deuxième séance des musiciens suisses"	"DELETE"
"Deuxième séance du quatuor Pollak"	"DELETE"
"Deuxième soirée"	"DELETE"
"Dixième et dernier concert"	"DELETE"
"Dixième et dernier concert classique"	"DELETE"
"Douzième et dernier concert"	"DELETE"
"Exécution intégrale des quatuors de Beethoven"	"DELETE"
"Exercices d'élèves"	"DELETE"
"Fêtes du Centenaire du Conservatoire de musique de Genève"	"DELETE"
"Huitième concert"	"DELETE"
"Huitième concert classique"	"DELETE"
"Huitième et dernier concert"	"DELETE"
"Huitième et dernier concert vocal et instrumental"	"DELETE"
"Idem mais présentation différente"	"DELETE"
"Matinée musicale"	"DELETE"
"Neuvième concert"	"DELETE"
"Neuvième concert classique"	"DELETE"
"Neuvième et avant-dernier concert classique"	"DELETE"
"Neuvième et dixième concerts classiques"	"DELETE"
"None"	"DELETE"
"Onzième et dernier concert"	"DELETE"
"Premier concert"	"DELETE"
"Premier concert annuel"	"DELETE"
"Premier concert classique"	"DELETE"
"Premier concert dominical"	"DELETE"
"Premier concert spirituel"	"DELETE"
"Premier et deuxième concerts classiques"	"DELETE"
"Premier grand concert militaire de la saison d'hiver"	"DELETE"
"Premier jeudi littéraire"	"DELETE"
"Premier récital Chopin"	"DELETE"
"Première et deuxième séances"	"DELETE"
"Première matinée musicale"	"DELETE"
"Première séance"	"DELETE"
"Première séance de quatuor"	"DELETE"
"Première séance de sonates"	"DELETE"
"Première séance des quatre séances historiques"	"DELETE"
"Première séance du quatuor"	"DELETE"
"Première séance du quatuor Pollak"	"DELETE"
"Première séance sur les musiciens suisses"	"DELETE"
"Programme général des dix concerts"	"DELETE"
"Quarante concerts sur l'intégrale de l'œuvre d'orgue de J.-S. Bach"	"DELETE"
"Quatre causeries"	"DELETE"
"Quatre conférences"	"DELETE"
"Quatre grandes séances de lectures"	"DELETE"
"Quatre nouvelles séances de lectures"	"DELETE"
"Quatre séances"	"DELETE"
"Quatre séances de quatuor"	"DELETE"
"Quatre séances historiques"	"DELETE"
"Quatrième concert"	"DELETE"
"Quatrième concert classique"	"DELETE"
"Quatrième concert vocal et instrumental"	"DELETE"
"Quatrième et dernière séance"	"DELETE"
"Quatrième et dernière séance de quatuor"	"DELETE"
"Quatrième festival"	"DELETE"
"Quatrième grand concert de la saison d'hiver"	"DELETE"
"Quatrième séance de quatuor"	"DELETE"
"Quatrième séance historique"	"DELETE"
"Quatrième soirée musicale"	"DELETE"
"Quinzième concert"	"DELETE"
"Répétition de morceaux d'examen"	"DELETE"
"Saison 1927-1928"	"DELETE"
"Saison 1928-1929"	"DELETE"
"Second concert"	"DELETE"
"Seconde matinée musicale"	"DELETE"
"Seconde séance"	"DELETE"
"Seizième et dix-septième concerts classiques"	"DELETE"
"Septième concert"	"DELETE"
"Septième concert classique"	"DELETE"
"Septième concert vocal et instrumental"	"DELETE"
"Septième et huitième concerts classiques"	"DELETE"
"Six concerts"	"DELETE"
"Six concerts-conférences"	"DELETE"
"Six récitals de piano"	"DELETE"
"Six séances"	"DELETE"
"Sixième concert"	"DELETE"
"Sixième concert classique"	"DELETE"
"Sixième concert vocal et instrumental"	"DELETE"
"Sixième et dernier concert (série B)"	"DELETE"
"Spectacles Jean Bard"	"DELETE"
"Treizième concert classique"	"DELETE"
"Trois concerts"	"DELETE"
"Trois concerts du quatuor florentin"	"DELETE"
"Trois concerts Marie Panthès"	"DELETE"
"Trois grandes séances littéraires"	"DELETE"
"Trois séances d'interprétation de musique classique"	"DELETE"
"Trois séances de diction"	"DELETE"
"Trois séances de l'audition intégrale des sonates pour piano et violon de Beethoven"	"DELETE"
"Trois séances de quatuors"	"DELETE"
"Trois séances de sonates"	"DELETE"
"Trois séances du quatuor Pollak"	"DELETE"
"Troisième concert"	"DELETE"
"Troisième concert classique"	"DELETE"
"Troisième concert de musique classique"	"DELETE"
"Troisième concert spirituel"	"DELETE"
"Troisième concert vocal et instrumental"	"DELETE"
"Troisième et dernier concert"	"DELETE"
"Troisième et dernière matinée musicale"	"DELETE"
"Troisième et dernière séance de sonates"	"DELETE"
"Troisième et dernière séance du quatuor Pollak"	"DELETE"
"Troisième grand concert de la saison d'été"	"DELETE"
"Troisième grand concert de la saison d'hiver"	"DELETE"
"Troisième récital Chopin"	"DELETE"
"Troisième séance"	"DELETE"
"Troisième séance de musique suisse"	"DELETE"
"Troisième séance du quatuor"	"DELETE"
"Troisième, quatrième, cinquième et dernière séances"	"DELETE"
"Vingt-quatrième et dernier concert classique"	"DELETE"
"Cours"	"Cours"
"Cours de M. Robert Casadesus"	"Cours"
"Deux dernières séances du cours Chopin"	"Cours"
"Première séance des cours de M. Casadesus"	"Cours"
"Septième séance des cours de M. Casadesus"	"Cours"
"Sixième séance des cours de M. Casadesus"	"Cours"
"Conférences"	"Conférences"
"Concours"	"Concours"
"Concours national suisse d'exécution musicale, Genève 1940"	"Concours"
"Concours Schumann"	"Concours"
"Deuxième concours de quatuors"	"Concours"
"Deuxième concours du meilleur chanteur amateur de Genève"	"Concours"
"Premier concours international d'exécution musicale, Genève 1939"	"Concours"
"Prix Schumann"	"Concours"
"Cinquième concert symphonique populaire"	"Concerts symphoniques populaires"
"Deuxième concert symphonique populaire"	"Concerts symphoniques populaires"
"Dix-huitième et dernier concert symphonique populaire"	"Concerts symphoniques populaires"
"Dix-septième concert symphonique populaire"	"Concerts symphoniques populaires"
"Dix-septième et dernier concert symphonique populaire"	"Concerts symphoniques populaires"
"Dixième concert symphonique populaire"	"Concerts symphoniques populaires"
"Douzième concert symphonique populaire"	"Concerts symphoniques populaires"
"Huitième concert symphonique populaire"	"Concerts symphoniques populaires"
"Neuvième concert symphonique populaire"	"Concerts symphoniques populaires"
"Onzième concert symphonique populaire"	"Concerts symphoniques populaires"
"Premier concert symphonique populaire"	"Concerts symphoniques populaires"
"Quatorzième concert symphonique populaire"	"Concerts symphoniques populaires"
"Quatorzième et dernier concert symphonique populaire"	"Concerts symphoniques populaires"
"Quatrième concert symphonique populaire"	"Concerts symphoniques populaires"
"Quinzième concert symphonique populaire"	"Concerts symphoniques populaires"
"Quizième concert symphonique populaire"	"Concerts symphoniques populaires"
"Seizième concert symphonique populaire"	"Concerts symphoniques populaires"
"Seizième et dernier concert symphonique populaire"	"Concerts symphoniques populaires"
"Septième concert symphonique populaire"	"Concerts symphoniques populaires"
"Sixième concert symphonique populaire"	"Concerts symphoniques populaires"
"Treizième concert symphonique populaire"	"Concerts symphoniques populaires"
"Troisième concert symphonique populaire"	"Concerts symphoniques populaires"
"Cinq concerts symphoniques"	"Concerts symphoniques"
"Cinquième concert de l'orchestre symphonique de Lausanne"	"Concerts symphoniques"
"Cinquième concert symphonique"	"Concerts symphoniques"
"Cinquième concert symphonique (série A)"	"Concerts symphoniques"
"Cinquième concert symphonique (série B)"	"Concerts symphoniques"
"Cinquième soirée de musique symphonique"	"Concerts symphoniques"
"Concert symphonique"	"Concerts symphoniques"
"Concert symphonique (avant-dernier de la série)"	"Concerts symphoniques"
"Concert symphonique (en dehors de l'abonnement)"	"Concerts symphoniques"
"Concert symphonique en dehors de l'abonnement"	"Concerts symphoniques"
"Concert symphonique hors abonnement"	"Concerts symphoniques"
"Dernière soirée de musique symphonique"	"Concerts symphoniques"
"Deuxième concert de l'orchestre symphonique de Lausanne"	"Concerts symphoniques"
"Deuxième concert symphonique"	"Concerts symphoniques"
"Deuxième concert symphonique (série A)"	"Concerts symphoniques"
"Deuxième concert symphonique (série B)"	"Concerts symphoniques"
"Dixième concert symphonique"	"Concerts symphoniques"
"Dixième concert symphonique (série A)"	"Concerts symphoniques"
"Dixième et dernier concert symphonique"	"Concerts symphoniques"
"Dixième et dernier concert symphonique (série A)"	"Concerts symphoniques"
"Dixième et dernier concert symphonique (série B)"	"Concerts symphoniques"
"Dixième et dernier concert symphonique populaire"	"Concerts symphoniques"
"Dixième soirée de musique symphonique"	"Concerts symphoniques"
"Douzième et dernier concert symphonique"	"Concerts symphoniques"
"Douzième et dernier concert symphonique (série A)"	"Concerts symphoniques"
"Huitième concert symphonique"	"Concerts symphoniques"
"Huitième concert symphonique (série A)"	"Concerts symphoniques"
"Huitième concert symphonique (série B)"	"Concerts symphoniques"
"Huitième et dernier concert de l'orchestre symphonique de Lausanne"	"Concerts symphoniques"
"Huitième soirée de musique symphonique"	"Concerts symphoniques"
"Neuvième concert symphonique"	"Concerts symphoniques"
"Neuvième concert symphonique (série A)"	"Concerts symphoniques"
"Neuvième concert symphonique (série B)"	"Concerts symphoniques"
"Neuvième soirée de musique symphonique"	"Concerts symphoniques"
"Onzième concert symphonique"	"Concerts symphoniques"
"Onzième concert symphonique (série A)"	"Concerts symphoniques"
"Premier concert de l'orchestre symphonique de Lausanne"	"Concerts symphoniques"
"Premier concert symphonique"	"Concerts symphoniques"
"Premier concert symphonique (série A)"	"Concerts symphoniques"
"Premier concert symphonique (série B)"	"Concerts symphoniques"
"Premier concert symphonique hors abonnement"	"Concerts symphoniques"
"Quatre concerts symphoniques"	"Concerts symphoniques"
"Quatrième concert de l'orchestre symphonique de Lausanne"	"Concerts symphoniques"
"Quatrième concert symphonique"	"Concerts symphoniques"
"Quatrième concert symphonique (série A)"	"Concerts symphoniques"
"Quatrième concert symphonique (série B)"	"Concerts symphoniques"
"Quatrième soirée de musique symphonique"	"Concerts symphoniques"
"Seconde soirée de musique symphonique"	"Concerts symphoniques"
"Septième concert de l'orchestre symphonique de Lausanne"	"Concerts symphoniques"
"Septième concert symphonique"	"Concerts symphoniques"
"Septième concert symphonique (série A)"	"Concerts symphoniques"
"Septième concert symphonique (série B)"	"Concerts symphoniques"
"Septième soirée de musique symphonique"	"Concerts symphoniques"
"Sixième concert de l'orchestre symphonique de Lausanne"	"Concerts symphoniques"
"Sixième concert symphonique"	"Concerts symphoniques"
"Sixième concert symphonique (série A)"	"Concerts symphoniques"
"Sixième concert symphonique (série B)"	"Concerts symphoniques"
"Sixième et dernier concert symphonique (série B)"	"Concerts symphoniques"
"Sixième soirée de musique symphonique"	"Concerts symphoniques"
"Troisième concert de l'orchestre symphonique de Lausanne"	"Concerts symphoniques"
"Troisième concert symphonique"	"Concerts symphoniques"
"Troisième concert symphonique (série A)"	"Concerts symphoniques"
"Troisième concert symphonique (série B)"	"Concerts symphoniques"
"Troisième concert symphonique hors abonnement"	"Concerts symphoniques"
"Cinquième concert populaire d'orgue"	"Concerts populaires d'orgue"
"Deuxième concert populaire d'orgue"	"Concerts populaires d'orgue"
"Dixième concert populaire d'orgue"	"Concerts populaires d'orgue"
"Dixième et dernier concert populaire d'orgue"	"Concerts populaires d'orgue"
"Huitième concert populaire d'orgue"	"Concerts populaires d'orgue"
"Neuvième concert populaire d'orgue"	"Concerts populaires d'orgue"
"Premier concert populaire d'orgue"	"Concerts populaires d'orgue"
"Quatrième concert populaire d'orgue"	"Concerts populaires d'orgue"
"Septième concert populaire d'orgue"	"Concerts populaires d'orgue"
"Sixième concert populaire d'orgue"	"Concerts populaires d'orgue"
"Troisième concert populaire d'orgue"	"Concerts populaires d'orgue"
"Cinquième concert populaire"	"Concerts populaires"
"Cinquième nouveau concert populaire"	"Concerts populaires"
"Concerts populaires"	"Concerts populaires"
"Concerts populaires d'orgue"	"Concerts populaires"
"Dernier concert de l'orchestre symphonique de Lausanne"	"Concerts populaires"
"Dernier concert populaire"	"Concerts populaires"
"Dernier concert symphonique"	"Concerts populaires"
"Deux concerts populaires"	"Concerts populaires"
"Deuxième concert populaire"	"Concerts populaires"
"Deuxième concert populaire de musique classique"	"Concerts populaires"
"Deuxième grand concert populaire"	"Concerts populaires"
"Dixième concert populaire"	"Concerts populaires"
"Huitième concert populaire"	"Concerts populaires"
"Nouveaux concerts populaires"	"Concerts populaires"
"Onzième concert populaire"	"Concerts populaires"
"Onzième et dernier concert symphonique populaire"	"Concerts populaires"
"Premier concert populaire"	"Concerts populaires"
"Premier concert populaire de musique classique"	"Concerts populaires"
"Premier grand concert populaire"	"Concerts populaires"
"Premier nouveau concert populaire"	"Concerts populaires"
"Quatorzième concert populaire"	"Concerts populaires"
"Quatrième concert populaire"	"Concerts populaires"
"Quatrième concert populaire de musique"	"Concerts populaires"
"Quatrième concert populaire de musique classique"	"Concerts populaires"
"Quatrième grand concert populaire"	"Concerts populaires"
"Quatrième nouveau concert populaire"	"Concerts populaires"
"Quinzième et dernier concert populaire"	"Concerts populaires"
"Second concert populaire"	"Concerts populaires"
"Second nouveau concert populaire"	"Concerts populaires"
"Septième concert populaire"	"Concerts populaires"
"Sixième concert populaire"	"Concerts populaires"
"Treizième concert populaire"	"Concerts populaires"
"Trois concerts populaires pour l'audition de toutes les sonates de Beethoven pour piano et violon"	"Concerts populaires"
"Trois grands concerts populaires"	"Concerts populaires"
"Troisième audition de concerts populaires"	"Concerts populaires"
"Troisième concert populaire"	"Concerts populaires"
"Troisième concert populaire de musique classique"	"Concerts populaires"
"Troisième grand concert populaire"	"Concerts populaires"
"Troisième nouveau concert populaire"	"Concerts populaires"
"Cinquième concert Marteau"	"Concerts Marteau"
"Cinquième concert populaire Marteau"	"Concerts Marteau"
"Concert Marteau"	"Concerts Marteau"
"Deuxiéme concert Marteau"	"Concerts Marteau"
"Deuxième concert Marteau"	"Concerts Marteau"
"Deuxième concert populaire Marteau"	"Concerts Marteau"
"Dixième et dernier concert Marteau"	"Concerts Marteau"
"Huitième concert Marteau"	"Concerts Marteau"
"Huitième concert populaire Marteau"	"Concerts Marteau"
"Neuvième concert Marteau"	"Concerts Marteau"
"Neuvième concert populaire Marteau"	"Concerts Marteau"
"Premier concert Marteau"	"Concerts Marteau"
"Quatrième concert Marteau"	"Concerts Marteau"
"Quatrième concert populaire Marteau"	"Concerts Marteau"
"Septième concert Marteau"	"Concerts Marteau"
"Septième concert populaire Marteau"	"Concerts Marteau"
"Sixième concert Marteau"	"Concerts Marteau"
"Sixième concert populaire Marteau"	"Concerts Marteau"
"Trois concerts Marteau"	"Concerts Marteau"
"Troisième concert Marteau"	"Concerts Marteau"
"Troisième concert populaire Marteau"	"Concerts Marteau"
"Concert extraordinaire"	"Concerts extraordinaires"
"Concert extraordinaire de l'orchestre de chambre de Genève"	"Concerts extraordinaires"
"Concert extraordinaire hors abonnement"	"Concerts extraordinaires"
"Concert extraordinaire pour la clôture de la saison"	"Concerts extraordinaires"
"Concert symphonique extraordinaire"	"Concerts extraordinaires"
"En dehors de l'abonnement"	"Concerts extraordinaires"
"Cinquième concert du Théâtre"	"Concerts du Théâtre"
"Deuxième concert du Théâtre"	"Concerts du Théâtre"
"Dixième et dernier concert du Théâtre"	"Concerts du Théâtre"
"Douzième et dernier concert du Théâtre"	"Concerts du Théâtre"
"Huitième concert du Théâtre"	"Concerts du Théâtre"
"Neuvième concert du Théâtre"	"Concerts du Théâtre"
"Premier concert du Théâtre"	"Concerts du Théâtre"
"Quatrième concert du Théâtre"	"Concerts du Théâtre"
"Septième concert du Théâtre"	"Concerts du Théâtre"
"Sixième concert du Théâtre"	"Concerts du Théâtre"
"Troisième concert du Théâtre"	"Concerts du Théâtre"
"Cinq concerts d'orgue"	"Concerts d'orgue"
"Cinquième concert d'orgue"	"Concerts d'orgue"
"Cinquième et dernier concert d'orgue"	"Concerts d'orgue"
"Deux concerts d'inauguration des nouvelles orgues"	"Concerts d'orgue"
"Deuxième concert d'orgue"	"Concerts d'orgue"
"Dixième concert d'orgue"	"Concerts d'orgue"
"Dixième et dernier concert d'orgue"	"Concerts d'orgue"
"Huitième concert d'orgue"	"Concerts d'orgue"
"Neuvième concert d'orgue"	"Concerts d'orgue"
"Premier concert d'orgue"	"Concerts d'orgue"
"Quatrième concert d'orgue"	"Concerts d'orgue"
"Septième concert d'orgue"	"Concerts d'orgue"
"Sixième concert d'orgue"	"Concerts d'orgue"
"Troisième concert d'orgue"	"Concerts d'orgue"
"Concert"	"Concerts"
"Concerts"	"Concerts"
"Audition classique des classes"	"Auditions"
"Audition d'élèves"	"Auditions"
"Audition d'élèves des classes de déclamation de mademoiselle Lavater"	"Auditions"
"Audition d'élèves des classes de flûte, clarinette, saxophone et basson"	"Auditions"
"Audition d'élèves et distribution des prix"	"Auditions"
"Audition d'œuvres d'élèves de la classe de composition"	"Auditions"
"Audition de chant de la classe de perfectionnement d'artistes"	"Auditions"
"Audition de compositions inédites d'élèves"	"Auditions"
"Audition de la classe d'accompagnement"	"Auditions"
"Audition de la classe d'orchestre"	"Auditions"
"Audition de la classe d'orchestre et des classes de virtuosité de violon et piano"	"Auditions"
"Audition de la classe de déclamation"	"Auditions"
"Audition de la classe de mise en scène"	"Auditions"
"Audition de la classe de musique de chambre"	"Auditions"
"Audition de la classe de piano"	"Auditions"
"Audition de la classe de quatuor"	"Auditions"
"Audition de la classe de quatuor et de quelques élèves des classes de violon"	"Auditions"
"Audition de la classe de virtuosité de violon"	"Auditions"
"Audition de musique d'ensemble des classes de violon"	"Auditions"
"Audition de musique d'ensemble des classes élémentaire et secondaire de piano"	"Auditions"
"Audition de musique de chambre"	"Auditions"
"Audition de musique de chambre des classes de virtuosité"	"Auditions"
"Audition de Noël donnée par les classes de solfège élémentaire"	"Auditions"
"Audition de quelques élèves de violon"	"Auditions"
"Audition de quelques élèves de violon et d'accompagnement"	"Auditions"
"Audition de quelques-unes de ses élèves"	"Auditions"
"Audition de quelques-uns de ses élèves"	"Auditions"
"Audition de quelques-uns de ses élèves de violon et d'accompagnement"	"Auditions"
"Audition de violoncelle de la classe de perfectionnement d'artistes"	"Auditions"
"Audition des classes d'accompagnement et de violoncelle"	"Auditions"
"Audition des classes d'orchestre"	"Auditions"
"Audition des classes d'orgue"	"Auditions"
"Audition des classes d'orgue et de composition"	"Auditions"
"Audition des classes de chant"	"Auditions"
"Audition des classes de chant et de musique de chambre"	"Auditions"
"Audition des classes de clavecin"	"Auditions"
"Audition des classes de déclamation"	"Auditions"
"Audition des classes de déclamation et de technique dramatique"	"Auditions"
"Audition des classes de flûte et de harpe"	"Auditions"
"Audition des classes de harpe"	"Auditions"
"Audition des classes de harpe et de violon"	"Auditions"
"Audition des classes de harpe, violon et piano"	"Auditions"
"Audition des classes de hautbois, clarinette, trompette & trombone"	"Auditions"
"Audition des classes de musique de chambre et de piano"	"Auditions"
"Audition des classes de piano"	"Auditions"
"Audition des classes de piano et de musique de chambre"	"Auditions"
"Audition des classes de piano et de violon"	"Auditions"
"Audition des classes de solfège Chassevant"	"Auditions"
"Audition des classes de violon"	"Auditions"
"Audition des classes de virtuosité de piano et de flûte"	"Auditions"
"Audition des classes de virtuosité de piano, chant & violon"	"Auditions"
"Audition des classes normales de piano"	"Auditions"
"Audition des classes normales et de virtuosité de piano"	"Auditions"
"Audition des classes secondaires de piano et des classes de solfège 1e et 2e année"	"Auditions"
"Audition des instruments à cordes de la classe d'orchestre"	"Auditions"
"Audition intégrale des 32 sonates pour piano  de Beethoven"	"Auditions"
"Audition intégrale des sonates pour piano et violon de Beethoven"	"Auditions"
"Audition lyrique et classique des classes"	"Auditions"
"Audition moderne des classes"	"Auditions"
"Audition musicale"	"Auditions"
"Auditions"	"Auditions"
"Auditions d'élèves"	"Auditions"
"Auditions d'élèves de la classe de virtuose de piano"	"Auditions"
"Auditions de classes"	"Auditions"
"Auditions des classes de piano"	"Auditions"
"Auditon d'élèves"	"Auditions"
"Auditon des classes de piano et de musique de chambre"	"Auditions"
"Cinquième séance des auditions du jeudi"	"Auditions"
"Deux auditions d'élèves"	"Auditions"
"Deux auditions d'orgues"	"Auditions"
"Deux auditions de chant"	"Auditions"
"Deux auditions des classes d'orgue"	"Auditions"
"Deux auditions des classes de piano"	"Auditions"
"Deuxième audition"	"Auditions"
"Deuxième audition d'élèves"	"Auditions"
"Deuxième audition d'élèves des classes de chant"	"Auditions"
"Deuxième audition d'élèves des classes de déclamation"	"Auditions"
"Deuxième audition d'élèves des classes de piano"	"Auditions"
"Deuxième audition d'élèves des classes de violon"	"Auditions"
"Deuxième audition de la classe d'ensemble"	"Auditions"
"Deuxième audition de la classe de musique de chambre"	"Auditions"
"Deuxième audition musicale"	"Auditions"
"Deuxième et troisième auditions d'élèves"	"Auditions"
"Deuxième séance des auditions du jeudi"	"Auditions"
"Dix-huitième séance des auditions du jeudi"	"Auditions"
"Dix-neuvième séance des auditions du jeudi"	"Auditions"
"Dix-septième séance des auditions du jeudi"	"Auditions"
"Dixième séance des auditions du jeudi"	"Auditions"
"Douzième séance des auditions du jeudi"	"Auditions"
"Huitième séance des auditions du jeudi"	"Auditions"
"Neuvième séance des auditions du jeudi"	"Auditions"
"Onzième séance des auditions du jeudi"	"Auditions"
"Première audition d'élèves"	"Auditions"
"Première audition d'élèves des classes de chant"	"Auditions"
"Première audition d'élèves des classes de piano"	"Auditions"
"Première audition de la classe d'ensemble"	"Auditions"
"Première audition de la classe de déclamation"	"Auditions"
"Première audition de la classe de musique de chambre"	"Auditions"
"Première audition de musique de chambre"	"Auditions"
"Première audition musicale"	"Auditions"
"Première et deuxième auditions d'élèves"	"Auditions"
"Première et deuxième auditions d'élèves de la classe de virtuosité de piano"	"Auditions"
"Première séance d'auditions des élèves"	"Auditions"
"Première séance des auditions du jeudi"	"Auditions"
"Quarante-deuxième séance des auditions du jeudi"	"Auditions"
"Quarante-et-unième séance des auditions du jeudi"	"Auditions"
"Quarantième séance des auditions du jeudi"	"Auditions"
"Quatorzième séance des auditions du jeudi"	"Auditions"
"Quatre auditions d'élèves"	"Auditions"
"Quatre auditions de la classe d'ensemble instrumental"	"Auditions"
"Quatre-vingt-quatorzième audition d'élèves"	"Auditions"
"Quatrième audition"	"Auditions"
"Quatrième audition d'élèves"	"Auditions"
"Quatrième et cinquième auditions d'élèves"	"Auditions"
"Quatrième séance des auditions du jeudi"	"Auditions"
"Quinzième séance des auditions du jeudi"	"Auditions"
"Seizième séance des auditions du jeudi"	"Auditions"
"Septième séance des auditions du jeudi"	"Auditions"
"Sixième audition d'élèves"	"Auditions"
"Sixième séance des auditions du jeudi"	"Auditions"
"Treizième séance des auditions du jeudi"	"Auditions"
"Trente-cinquième séance des auditions du jeudi"	"Auditions"
"Trente-deuxième séance des auditions du jeudi"	"Auditions"
"Trente-et-unième séance des auditions du jeudi"	"Auditions"
"Trente-huitième séance des auditions du jeudi"	"Auditions"
"Trente-neuvième séance des auditions du jeudi"	"Auditions"
"Trente-quatrième séance des auditions du jeudi"	"Auditions"
"Trente-sixième séance des auditions du jeudi"	"Auditions"
"Trente-troisième séance des auditions du jeudi"	"Auditions"
"Trentième séance des auditions du jeudi"	"Auditions"
"Trois auditions des classes de piano"	"Auditions"
"Trois auditions des classes de violon"	"Auditions"
"Trois auditions historiques de musique vocale et instrumentale"	"Auditions"
"Trois auditions sur le lied"	"Auditions"
"Troisième audition"	"Auditions"
"Troisième audition d'élèves"	"Auditions"
"Troisième audition d'élèves de la classe de musique de chambre"	"Auditions"
"Troisième audition d'élèves des classes de piano"	"Auditions"
"Troisième audition musicale"	"Auditions"
"Troisième séance des auditions du jeudi"	"Auditions"
"Vingt-cinquième séance des auditions du jeudi"	"Auditions"
"Vingt-deuxième séance des auditions du jeudi"	"Auditions"
"Vingt-et-unième séance des auditions du jeudi"	"Auditions"
"Vingt-huitième séance des auditions du jeudi"	"Auditions"
"Vingt-neuvième séance des auditions du jeudi"	"Auditions"
"Vingt-quatrième séance des auditions du jeudi"	"Auditions"
"Vingt-septième séance des auditions du jeudi"	"Auditions"
"Vingt-sixième séance des auditions du jeudi"	"Auditions"
"Vingt-troisième séance des auditions du jeudi"	"Auditions"
"Vingtième séance des auditions du jeudi"	"Auditions"
"1er de l'abonnement"	"Abonnements"
"2ème de l'abonnement"	"Abonnements"
"3ème de l'abonnement"	"Abonnements"
"4ème de l'abonnement"	"Abonnements"
"5ème de l'abonnement"	"Abonnements"
"8ème de l'abonnement"	"Abonnements"
"9ème de l'abonnement"	"Abonnements"
"Cinquième concert d'abonnement"	"Abonnements"
"Cinquième concert de l'abonnement"	"Abonnements"
"Cinquième concert symphonique de l'abonnement"	"Abonnements"
"Deuxième concert d'abonnement"	"Abonnements"
"Deuxième concert de l'abonnement"	"Abonnements"
"Deuxième concert de l'abonnement (Bach)"	"Abonnements"
"Deuxième concert symphonique de l'abonnement"	"Abonnements"
"Deuxième séance de musique de chambre"	"Abonnements"
"Dix concerts d'abonnement"	"Abonnements"
"Dixième concert d'abonnement"	"Abonnements"
"Dixième concert de l'abonnement"	"Abonnements"
"Dixième concert symphonique de l'abonnement"	"Abonnements"
"Dixième et dernier concert d'abonnement"	"Abonnements"
"Dixième et dernier concert de l'abonnement"	"Abonnements"
"Douzième et dernier concert de l'abonnement"	"Abonnements"
"Huitième concert d'abonnement"	"Abonnements"
"Huitième concert de l'abonnement"	"Abonnements"
"Huitième concert de l'abonnement (Série A)"	"Abonnements"
"Huitième concert symphonique de l'abonnement"	"Abonnements"
"Neuvième concert d'abonnement"	"Abonnements"
"Neuvième concert de l'abonnement"	"Abonnements"
"Neuvième concert symphonique de l'abonnement"	"Abonnements"
"Onzième concert de l'abonnement"	"Abonnements"
"Onzième concert symphonique de l'abonnement"	"Abonnements"
"Premier concert d'abonnement"	"Abonnements"
"Premier concert de l'abonnement"	"Abonnements"
"Premier concert de l'abonnement (Mozart-Beethoven)"	"Abonnements"
"Premier concert de l'abonnement (Mozart)"	"Abonnements"
"Premier concert par abonnement (série B)"	"Abonnements"
"Premier concert populaire; 2e concert de l'abonnement"	"Abonnements"
"Premier concert symphonique de l'abonnement"	"Abonnements"
"Quatrième concert d'abonnement"	"Abonnements"
"Quatrième concert de l'abonnement"	"Abonnements"
"Quatrième concert de l'abonnement (Bach)"	"Abonnements"
"Quatrième concert de l'abonnement (Beethoven Schumann)"	"Abonnements"
"Quatrième concert symphonique de l'abonnement"	"Abonnements"
"Septième concert d'abonnement"	"Abonnements"
"Septième concert de l'abonnement"	"Abonnements"
"Septième concert symphonique de l'abonnement"	"Abonnements"
"Sixième concert d'abonnement"	"Abonnements"
"Sixième concert de l'abonnement"	"Abonnements"
"Sixième concert de l'abonnement (musique moderne)"	"Abonnements"
"Troisième concert d'abonnement"	"Abonnements"
"Troisième concert de l'abonnement"	"Abonnements"
"Troisième concert symphonique de l'abonnement"	"Abonnements"
"Troisième grand concert d'abonnement"	"Abonnements"
